decision_date,effective_date,fund_id,universe,method,eligible_asset_count,complete_history_rows,asset_cap,solver,solver_success,fallback_used,fallback_source,status,solver_status_code,solver_message,objective_value,weight_sum,minimum_weight,maximum_weight
2020-01-31,2020-02-03,combined_equal_weight,combined,equal_weight,0,21,,direct,False,False,none,skipped_insufficient_complete_history,-1,No eligible assets or fewer complete rows than the initial window.,,,,
2020-01-31,2020-02-03,combined_max_sharpe,combined,max_sharpe,0,21,,SLSQP,False,False,none,skipped_insufficient_complete_history,-1,No eligible assets or fewer complete rows than the initial window.,,,,
2020-01-31,2020-02-03,combined_min_variance,combined,minimum_variance,0,21,,SLSQP,False,False,none,skipped_insufficient_complete_history,-1,No eligible assets or fewer complete rows than the initial window.,,,,
2020-01-31,2020-02-03,combined_risk_parity,combined,risk_parity,0,21,,SLSQP,False,False,none,skipped_insufficient_complete_history,-1,No eligible assets or fewer complete rows than the initial window.,,,,
2020-01-31,2020-02-01,crypto_equal_weight,crypto,equal_weight,0,31,,direct,False,False,none,skipped_insufficient_complete_history,-1,No eligible assets or fewer complete rows than the initial window.,,,,
2020-01-31,2020-02-01,crypto_max_sharpe,crypto,max_sharpe,0,31,,SLSQP,False,False,none,skipped_insufficient_complete_history,-1,No eligible assets or fewer complete rows than the initial window.,,,,
2020-01-31,2020-02-01,crypto_min_variance,crypto,minimum_variance,0,31,,SLSQP,False,False,none,skipped_insufficient_complete_history,-1,No eligible assets or fewer complete rows than the initial window.,,,,
2020-01-31,2020-02-01,crypto_risk_parity,crypto,risk_parity,0,31,,SLSQP,False,False,none,skipped_insufficient_complete_history,-1,No eligible assets or fewer complete rows than the initial window.,,,,
2020-01-31,2020-02-03,equity_equal_weight,equity,equal_weight,0,21,,direct,False,False,none,skipped_insufficient_complete_history,-1,No eligible assets or fewer complete rows than the initial window.,,,,
2020-01-31,2020-02-03,equity_max_sharpe,equity,max_sharpe,0,21,,SLSQP,False,False,none,skipped_insufficient_complete_history,-1,No eligible assets or fewer complete rows than the initial window.,,,,
2020-01-31,2020-02-03,equity_min_variance,equity,minimum_variance,0,21,,SLSQP,False,False,none,skipped_insufficient_complete_history,-1,No eligible assets or fewer complete rows than the initial window.,,,,
2020-01-31,2020-02-03,equity_risk_parity,equity,risk_parity,0,21,,SLSQP,False,False,none,skipped_insufficient_complete_history,-1,No eligible assets or fewer complete rows than the initial window.,,,,
2020-02-28,2020-03-02,combined_equal_weight,combined,equal_weight,0,40,,direct,False,False,none,skipped_insufficient_complete_history,-1,No eligible assets or fewer complete rows than the initial window.,,,,
2020-02-28,2020-03-02,combined_max_sharpe,combined,max_sharpe,0,40,,SLSQP,False,False,none,skipped_insufficient_complete_history,-1,No eligible assets or fewer complete rows than the initial window.,,,,
2020-02-28,2020-03-02,combined_min_variance,combined,minimum_variance,0,40,,SLSQP,False,False,none,skipped_insufficient_complete_history,-1,No eligible assets or fewer complete rows than the initial window.,,,,
2020-02-28,2020-03-02,combined_risk_parity,combined,risk_parity,0,40,,SLSQP,False,False,none,skipped_insufficient_complete_history,-1,No eligible assets or fewer complete rows than the initial window.,,,,
2020-02-28,2020-03-02,equity_equal_weight,equity,equal_weight,0,40,,direct,False,False,none,skipped_insufficient_complete_history,-1,No eligible assets or fewer complete rows than the initial window.,,,,
2020-02-28,2020-03-02,equity_max_sharpe,equity,max_sharpe,0,40,,SLSQP,False,False,none,skipped_insufficient_complete_history,-1,No eligible assets or fewer complete rows than the initial window.,,,,
2020-02-28,2020-03-02,equity_min_variance,equity,minimum_variance,0,40,,SLSQP,False,False,none,skipped_insufficient_complete_history,-1,No eligible assets or fewer complete rows than the initial window.,,,,
2020-02-28,2020-03-02,equity_risk_parity,equity,risk_parity,0,40,,SLSQP,False,False,none,skipped_insufficient_complete_history,-1,No eligible assets or fewer complete rows than the initial window.,,,,
2020-02-29,2020-03-01,crypto_equal_weight,crypto,equal_weight,0,60,,direct,False,False,none,skipped_insufficient_complete_history,-1,No eligible assets or fewer complete rows than the initial window.,,,,
2020-02-29,2020-03-01,crypto_max_sharpe,crypto,max_sharpe,0,60,,SLSQP,False,False,none,skipped_insufficient_complete_history,-1,No eligible assets or fewer complete rows than the initial window.,,,,
2020-02-29,2020-03-01,crypto_min_variance,crypto,minimum_variance,0,60,,SLSQP,False,False,none,skipped_insufficient_complete_history,-1,No eligible assets or fewer complete rows than the initial window.,,,,
2020-02-29,2020-03-01,crypto_risk_parity,crypto,risk_parity,0,60,,SLSQP,False,False,none,skipped_insufficient_complete_history,-1,No eligible assets or fewer complete rows than the initial window.,,,,
2020-03-31,2020-04-01,combined_equal_weight,combined,equal_weight,0,62,,direct,False,False,none,skipped_insufficient_complete_history,-1,No eligible assets or fewer complete rows than the initial window.,,,,
2020-03-31,2020-04-01,combined_max_sharpe,combined,max_sharpe,0,62,,SLSQP,False,False,none,skipped_insufficient_complete_history,-1,No eligible assets or fewer complete rows than the initial window.,,,,
2020-03-31,2020-04-01,combined_min_variance,combined,minimum_variance,0,62,,SLSQP,False,False,none,skipped_insufficient_complete_history,-1,No eligible assets or fewer complete rows than the initial window.,,,,
2020-03-31,2020-04-01,combined_risk_parity,combined,risk_parity,0,62,,SLSQP,False,False,none,skipped_insufficient_complete_history,-1,No eligible assets or fewer complete rows than the initial window.,,,,
2020-03-31,2020-04-01,crypto_equal_weight,crypto,equal_weight,0,91,,direct,False,False,none,skipped_insufficient_complete_history,-1,No eligible assets or fewer complete rows than the initial window.,,,,
2020-03-31,2020-04-01,crypto_max_sharpe,crypto,max_sharpe,0,91,,SLSQP,False,False,none,skipped_insufficient_complete_history,-1,No eligible assets or fewer complete rows than the initial window.,,,,
2020-03-31,2020-04-01,crypto_min_variance,crypto,minimum_variance,0,91,,SLSQP,False,False,none,skipped_insufficient_complete_history,-1,No eligible assets or fewer complete rows than the initial window.,,,,
2020-03-31,2020-04-01,crypto_risk_parity,crypto,risk_parity,0,91,,SLSQP,False,False,none,skipped_insufficient_complete_history,-1,No eligible assets or fewer complete rows than the initial window.,,,,
2020-03-31,2020-04-01,equity_equal_weight,equity,equal_weight,0,62,,direct,False,False,none,skipped_insufficient_complete_history,-1,No eligible assets or fewer complete rows than the initial window.,,,,
2020-03-31,2020-04-01,equity_max_sharpe,equity,max_sharpe,0,62,,SLSQP,False,False,none,skipped_insufficient_complete_history,-1,No eligible assets or fewer complete rows than the initial window.,,,,
2020-03-31,2020-04-01,equity_min_variance,equity,minimum_variance,0,62,,SLSQP,False,False,none,skipped_insufficient_complete_history,-1,No eligible assets or fewer complete rows than the initial window.,,,,
2020-03-31,2020-04-01,equity_risk_parity,equity,risk_parity,0,62,,SLSQP,False,False,none,skipped_insufficient_complete_history,-1,No eligible assets or fewer complete rows than the initial window.,,,,
2020-04-30,2020-05-01,combined_equal_weight,combined,equal_weight,0,83,,direct,False,False,none,skipped_insufficient_complete_history,-1,No eligible assets or fewer complete rows than the initial window.,,,,
2020-04-30,2020-05-01,combined_max_sharpe,combined,max_sharpe,0,83,,SLSQP,False,False,none,skipped_insufficient_complete_history,-1,No eligible assets or fewer complete rows than the initial window.,,,,
2020-04-30,2020-05-01,combined_min_variance,combined,minimum_variance,0,83,,SLSQP,False,False,none,skipped_insufficient_complete_history,-1,No eligible assets or fewer complete rows than the initial window.,,,,
2020-04-30,2020-05-01,combined_risk_parity,combined,risk_parity,0,83,,SLSQP,False,False,none,skipped_insufficient_complete_history,-1,No eligible assets or fewer complete rows than the initial window.,,,,
2020-04-30,2020-05-01,crypto_equal_weight,crypto,equal_weight,0,121,,direct,False,False,none,skipped_insufficient_complete_history,-1,No eligible assets or fewer complete rows than the initial window.,,,,
2020-04-30,2020-05-01,crypto_max_sharpe,crypto,max_sharpe,0,121,,SLSQP,False,False,none,skipped_insufficient_complete_history,-1,No eligible assets or fewer complete rows than the initial window.,,,,
2020-04-30,2020-05-01,crypto_min_variance,crypto,minimum_variance,0,121,,SLSQP,False,False,none,skipped_insufficient_complete_history,-1,No eligible assets or fewer complete rows than the initial window.,,,,
2020-04-30,2020-05-01,crypto_risk_parity,crypto,risk_parity,0,121,,SLSQP,False,False,none,skipped_insufficient_complete_history,-1,No eligible assets or fewer complete rows than the initial window.,,,,
2020-04-30,2020-05-01,equity_equal_weight,equity,equal_weight,0,83,,direct,False,False,none,skipped_insufficient_complete_history,-1,No eligible assets or fewer complete rows than the initial window.,,,,
2020-04-30,2020-05-01,equity_max_sharpe,equity,max_sharpe,0,83,,SLSQP,False,False,none,skipped_insufficient_complete_history,-1,No eligible assets or fewer complete rows than the initial window.,,,,
2020-04-30,2020-05-01,equity_min_variance,equity,minimum_variance,0,83,,SLSQP,False,False,none,skipped_insufficient_complete_history,-1,No eligible assets or fewer complete rows than the initial window.,,,,
2020-04-30,2020-05-01,equity_risk_parity,equity,risk_parity,0,83,,SLSQP,False,False,none,skipped_insufficient_complete_history,-1,No eligible assets or fewer complete rows than the initial window.,,,,
2020-05-29,2020-06-01,combined_equal_weight,combined,equal_weight,0,103,,direct,False,False,none,skipped_insufficient_complete_history,-1,No eligible assets or fewer complete rows than the initial window.,,,,
2020-05-29,2020-06-01,combined_max_sharpe,combined,max_sharpe,0,103,,SLSQP,False,False,none,skipped_insufficient_complete_history,-1,No eligible assets or fewer complete rows than the initial window.,,,,
2020-05-29,2020-06-01,combined_min_variance,combined,minimum_variance,0,103,,SLSQP,False,False,none,skipped_insufficient_complete_history,-1,No eligible assets or fewer complete rows than the initial window.,,,,
2020-05-29,2020-06-01,combined_risk_parity,combined,risk_parity,0,103,,SLSQP,False,False,none,skipped_insufficient_complete_history,-1,No eligible assets or fewer complete rows than the initial window.,,,,
2020-05-29,2020-06-01,equity_equal_weight,equity,equal_weight,0,103,,direct,False,False,none,skipped_insufficient_complete_history,-1,No eligible assets or fewer complete rows than the initial window.,,,,
2020-05-29,2020-06-01,equity_max_sharpe,equity,max_sharpe,0,103,,SLSQP,False,False,none,skipped_insufficient_complete_history,-1,No eligible assets or fewer complete rows than the initial window.,,,,
2020-05-29,2020-06-01,equity_min_variance,equity,minimum_variance,0,103,,SLSQP,False,False,none,skipped_insufficient_complete_history,-1,No eligible assets or fewer complete rows than the initial window.,,,,
2020-05-29,2020-06-01,equity_risk_parity,equity,risk_parity,0,103,,SLSQP,False,False,none,skipped_insufficient_complete_history,-1,No eligible assets or fewer complete rows than the initial window.,,,,
2020-05-31,2020-06-01,crypto_equal_weight,crypto,equal_weight,0,152,,direct,False,False,none,skipped_insufficient_complete_history,-1,No eligible assets or fewer complete rows than the initial window.,,,,
2020-05-31,2020-06-01,crypto_max_sharpe,crypto,max_sharpe,0,152,,SLSQP,False,False,none,skipped_insufficient_complete_history,-1,No eligible assets or fewer complete rows than the initial window.,,,,
2020-05-31,2020-06-01,crypto_min_variance,crypto,minimum_variance,0,152,,SLSQP,False,False,none,skipped_insufficient_complete_history,-1,No eligible assets or fewer complete rows than the initial window.,,,,
2020-05-31,2020-06-01,crypto_risk_parity,crypto,risk_parity,0,152,,SLSQP,False,False,none,skipped_insufficient_complete_history,-1,No eligible assets or fewer complete rows than the initial window.,,,,
2020-06-30,2020-07-01,combined_equal_weight,combined,equal_weight,0,125,,direct,False,False,none,skipped_insufficient_complete_history,-1,No eligible assets or fewer complete rows than the initial window.,,,,
2020-06-30,2020-07-01,combined_max_sharpe,combined,max_sharpe,0,125,,SLSQP,False,False,none,skipped_insufficient_complete_history,-1,No eligible assets or fewer complete rows than the initial window.,,,,
2020-06-30,2020-07-01,combined_min_variance,combined,minimum_variance,0,125,,SLSQP,False,False,none,skipped_insufficient_complete_history,-1,No eligible assets or fewer complete rows than the initial window.,,,,
2020-06-30,2020-07-01,combined_risk_parity,combined,risk_parity,0,125,,SLSQP,False,False,none,skipped_insufficient_complete_history,-1,No eligible assets or fewer complete rows than the initial window.,,,,
2020-06-30,2020-07-01,crypto_equal_weight,crypto,equal_weight,0,182,,direct,False,False,none,skipped_insufficient_complete_history,-1,No eligible assets or fewer complete rows than the initial window.,,,,
2020-06-30,2020-07-01,crypto_max_sharpe,crypto,max_sharpe,0,182,,SLSQP,False,False,none,skipped_insufficient_complete_history,-1,No eligible assets or fewer complete rows than the initial window.,,,,
2020-06-30,2020-07-01,crypto_min_variance,crypto,minimum_variance,0,182,,SLSQP,False,False,none,skipped_insufficient_complete_history,-1,No eligible assets or fewer complete rows than the initial window.,,,,
2020-06-30,2020-07-01,crypto_risk_parity,crypto,risk_parity,0,182,,SLSQP,False,False,none,skipped_insufficient_complete_history,-1,No eligible assets or fewer complete rows than the initial window.,,,,
2020-06-30,2020-07-01,equity_equal_weight,equity,equal_weight,0,125,,direct,False,False,none,skipped_insufficient_complete_history,-1,No eligible assets or fewer complete rows than the initial window.,,,,
2020-06-30,2020-07-01,equity_max_sharpe,equity,max_sharpe,0,125,,SLSQP,False,False,none,skipped_insufficient_complete_history,-1,No eligible assets or fewer complete rows than the initial window.,,,,
2020-06-30,2020-07-01,equity_min_variance,equity,minimum_variance,0,125,,SLSQP,False,False,none,skipped_insufficient_complete_history,-1,No eligible assets or fewer complete rows than the initial window.,,,,
2020-06-30,2020-07-01,equity_risk_parity,equity,risk_parity,0,125,,SLSQP,False,False,none,skipped_insufficient_complete_history,-1,No eligible assets or fewer complete rows than the initial window.,,,,
2020-07-31,2020-08-03,combined_equal_weight,combined,equal_weight,0,147,,direct,False,False,none,skipped_insufficient_complete_history,-1,No eligible assets or fewer complete rows than the initial window.,,,,
2020-07-31,2020-08-03,combined_max_sharpe,combined,max_sharpe,0,147,,SLSQP,False,False,none,skipped_insufficient_complete_history,-1,No eligible assets or fewer complete rows than the initial window.,,,,
2020-07-31,2020-08-03,combined_min_variance,combined,minimum_variance,0,147,,SLSQP,False,False,none,skipped_insufficient_complete_history,-1,No eligible assets or fewer complete rows than the initial window.,,,,
2020-07-31,2020-08-03,combined_risk_parity,combined,risk_parity,0,147,,SLSQP,False,False,none,skipped_insufficient_complete_history,-1,No eligible assets or fewer complete rows than the initial window.,,,,
2020-07-31,2020-08-01,crypto_equal_weight,crypto,equal_weight,0,213,,direct,False,False,none,skipped_insufficient_complete_history,-1,No eligible assets or fewer complete rows than the initial window.,,,,
2020-07-31,2020-08-01,crypto_max_sharpe,crypto,max_sharpe,0,213,,SLSQP,False,False,none,skipped_insufficient_complete_history,-1,No eligible assets or fewer complete rows than the initial window.,,,,
2020-07-31,2020-08-01,crypto_min_variance,crypto,minimum_variance,0,213,,SLSQP,False,False,none,skipped_insufficient_complete_history,-1,No eligible assets or fewer complete rows than the initial window.,,,,
2020-07-31,2020-08-01,crypto_risk_parity,crypto,risk_parity,0,213,,SLSQP,False,False,none,skipped_insufficient_complete_history,-1,No eligible assets or fewer complete rows than the initial window.,,,,
2020-07-31,2020-08-03,equity_equal_weight,equity,equal_weight,0,147,,direct,False,False,none,skipped_insufficient_complete_history,-1,No eligible assets or fewer complete rows than the initial window.,,,,
2020-07-31,2020-08-03,equity_max_sharpe,equity,max_sharpe,0,147,,SLSQP,False,False,none,skipped_insufficient_complete_history,-1,No eligible assets or fewer complete rows than the initial window.,,,,
2020-07-31,2020-08-03,equity_min_variance,equity,minimum_variance,0,147,,SLSQP,False,False,none,skipped_insufficient_complete_history,-1,No eligible assets or fewer complete rows than the initial window.,,,,
2020-07-31,2020-08-03,equity_risk_parity,equity,risk_parity,0,147,,SLSQP,False,False,none,skipped_insufficient_complete_history,-1,No eligible assets or fewer complete rows than the initial window.,,,,
2020-08-31,2020-09-01,combined_equal_weight,combined,equal_weight,0,168,,direct,False,False,none,skipped_insufficient_complete_history,-1,No eligible assets or fewer complete rows than the initial window.,,,,
2020-08-31,2020-09-01,combined_max_sharpe,combined,max_sharpe,0,168,,SLSQP,False,False,none,skipped_insufficient_complete_history,-1,No eligible assets or fewer complete rows than the initial window.,,,,
2020-08-31,2020-09-01,combined_min_variance,combined,minimum_variance,0,168,,SLSQP,False,False,none,skipped_insufficient_complete_history,-1,No eligible assets or fewer complete rows than the initial window.,,,,
2020-08-31,2020-09-01,combined_risk_parity,combined,risk_parity,0,168,,SLSQP,False,False,none,skipped_insufficient_complete_history,-1,No eligible assets or fewer complete rows than the initial window.,,,,
2020-08-31,2020-09-01,crypto_equal_weight,crypto,equal_weight,0,244,,direct,False,False,none,skipped_insufficient_complete_history,-1,No eligible assets or fewer complete rows than the initial window.,,,,
2020-08-31,2020-09-01,crypto_max_sharpe,crypto,max_sharpe,0,244,,SLSQP,False,False,none,skipped_insufficient_complete_history,-1,No eligible assets or fewer complete rows than the initial window.,,,,
2020-08-31,2020-09-01,crypto_min_variance,crypto,minimum_variance,0,244,,SLSQP,False,False,none,skipped_insufficient_complete_history,-1,No eligible assets or fewer complete rows than the initial window.,,,,
2020-08-31,2020-09-01,crypto_risk_parity,crypto,risk_parity,0,244,,SLSQP,False,False,none,skipped_insufficient_complete_history,-1,No eligible assets or fewer complete rows than the initial window.,,,,
2020-08-31,2020-09-01,equity_equal_weight,equity,equal_weight,0,168,,direct,False,False,none,skipped_insufficient_complete_history,-1,No eligible assets or fewer complete rows than the initial window.,,,,
2020-08-31,2020-09-01,equity_max_sharpe,equity,max_sharpe,0,168,,SLSQP,False,False,none,skipped_insufficient_complete_history,-1,No eligible assets or fewer complete rows than the initial window.,,,,
2020-08-31,2020-09-01,equity_min_variance,equity,minimum_variance,0,168,,SLSQP,False,False,none,skipped_insufficient_complete_history,-1,No eligible assets or fewer complete rows than the initial window.,,,,
2020-08-31,2020-09-01,equity_risk_parity,equity,risk_parity,0,168,,SLSQP,False,False,none,skipped_insufficient_complete_history,-1,No eligible assets or fewer complete rows than the initial window.,,,,
2020-09-30,2020-10-01,combined_equal_weight,combined,equal_weight,0,189,,direct,False,False,none,skipped_insufficient_complete_history,-1,No eligible assets or fewer complete rows than the initial window.,,,,
2020-09-30,2020-10-01,combined_max_sharpe,combined,max_sharpe,0,189,,SLSQP,False,False,none,skipped_insufficient_complete_history,-1,No eligible assets or fewer complete rows than the initial window.,,,,
2020-09-30,2020-10-01,combined_min_variance,combined,minimum_variance,0,189,,SLSQP,False,False,none,skipped_insufficient_complete_history,-1,No eligible assets or fewer complete rows than the initial window.,,,,
2020-09-30,2020-10-01,combined_risk_parity,combined,risk_parity,0,189,,SLSQP,False,False,none,skipped_insufficient_complete_history,-1,No eligible assets or fewer complete rows than the initial window.,,,,
2020-09-30,2020-10-01,crypto_equal_weight,crypto,equal_weight,0,274,,direct,False,False,none,skipped_insufficient_complete_history,-1,No eligible assets or fewer complete rows than the initial window.,,,,
2020-09-30,2020-10-01,crypto_max_sharpe,crypto,max_sharpe,0,274,,SLSQP,False,False,none,skipped_insufficient_complete_history,-1,No eligible assets or fewer complete rows than the initial window.,,,,
2020-09-30,2020-10-01,crypto_min_variance,crypto,minimum_variance,0,274,,SLSQP,False,False,none,skipped_insufficient_complete_history,-1,No eligible assets or fewer complete rows than the initial window.,,,,
2020-09-30,2020-10-01,crypto_risk_parity,crypto,risk_parity,0,274,,SLSQP,False,False,none,skipped_insufficient_complete_history,-1,No eligible assets or fewer complete rows than the initial window.,,,,
2020-09-30,2020-10-01,equity_equal_weight,equity,equal_weight,0,189,,direct,False,False,none,skipped_insufficient_complete_history,-1,No eligible assets or fewer complete rows than the initial window.,,,,
2020-09-30,2020-10-01,equity_max_sharpe,equity,max_sharpe,0,189,,SLSQP,False,False,none,skipped_insufficient_complete_history,-1,No eligible assets or fewer complete rows than the initial window.,,,,
2020-09-30,2020-10-01,equity_min_variance,equity,minimum_variance,0,189,,SLSQP,False,False,none,skipped_insufficient_complete_history,-1,No eligible assets or fewer complete rows than the initial window.,,,,
2020-09-30,2020-10-01,equity_risk_parity,equity,risk_parity,0,189,,SLSQP,False,False,none,skipped_insufficient_complete_history,-1,No eligible assets or fewer complete rows than the initial window.,,,,
2020-10-30,2020-11-02,combined_equal_weight,combined,equal_weight,0,211,,direct,False,False,none,skipped_insufficient_complete_history,-1,No eligible assets or fewer complete rows than the initial window.,,,,
2020-10-30,2020-11-02,combined_max_sharpe,combined,max_sharpe,0,211,,SLSQP,False,False,none,skipped_insufficient_complete_history,-1,No eligible assets or fewer complete rows than the initial window.,,,,
2020-10-30,2020-11-02,combined_min_variance,combined,minimum_variance,0,211,,SLSQP,False,False,none,skipped_insufficient_complete_history,-1,No eligible assets or fewer complete rows than the initial window.,,,,
2020-10-30,2020-11-02,combined_risk_parity,combined,risk_parity,0,211,,SLSQP,False,False,none,skipped_insufficient_complete_history,-1,No eligible assets or fewer complete rows than the initial window.,,,,
2020-10-30,2020-11-02,equity_equal_weight,equity,equal_weight,0,211,,direct,False,False,none,skipped_insufficient_complete_history,-1,No eligible assets or fewer complete rows than the initial window.,,,,
2020-10-30,2020-11-02,equity_max_sharpe,equity,max_sharpe,0,211,,SLSQP,False,False,none,skipped_insufficient_complete_history,-1,No eligible assets or fewer complete rows than the initial window.,,,,
2020-10-30,2020-11-02,equity_min_variance,equity,minimum_variance,0,211,,SLSQP,False,False,none,skipped_insufficient_complete_history,-1,No eligible assets or fewer complete rows than the initial window.,,,,
2020-10-30,2020-11-02,equity_risk_parity,equity,risk_parity,0,211,,SLSQP,False,False,none,skipped_insufficient_complete_history,-1,No eligible assets or fewer complete rows than the initial window.,,,,
2020-10-31,2020-11-01,crypto_equal_weight,crypto,equal_weight,0,305,,direct,False,False,none,skipped_insufficient_complete_history,-1,No eligible assets or fewer complete rows than the initial window.,,,,
2020-10-31,2020-11-01,crypto_max_sharpe,crypto,max_sharpe,0,305,,SLSQP,False,False,none,skipped_insufficient_complete_history,-1,No eligible assets or fewer complete rows than the initial window.,,,,
2020-10-31,2020-11-01,crypto_min_variance,crypto,minimum_variance,0,305,,SLSQP,False,False,none,skipped_insufficient_complete_history,-1,No eligible assets or fewer complete rows than the initial window.,,,,
2020-10-31,2020-11-01,crypto_risk_parity,crypto,risk_parity,0,305,,SLSQP,False,False,none,skipped_insufficient_complete_history,-1,No eligible assets or fewer complete rows than the initial window.,,,,
2020-11-30,2020-12-01,combined_equal_weight,combined,equal_weight,0,231,,direct,False,False,none,skipped_insufficient_complete_history,-1,No eligible assets or fewer complete rows than the initial window.,,,,
2020-11-30,2020-12-01,combined_max_sharpe,combined,max_sharpe,0,231,,SLSQP,False,False,none,skipped_insufficient_complete_history,-1,No eligible assets or fewer complete rows than the initial window.,,,,
2020-11-30,2020-12-01,combined_min_variance,combined,minimum_variance,0,231,,SLSQP,False,False,none,skipped_insufficient_complete_history,-1,No eligible assets or fewer complete rows than the initial window.,,,,
2020-11-30,2020-12-01,combined_risk_parity,combined,risk_parity,0,231,,SLSQP,False,False,none,skipped_insufficient_complete_history,-1,No eligible assets or fewer complete rows than the initial window.,,,,
2020-11-30,2020-12-01,crypto_equal_weight,crypto,equal_weight,0,335,,direct,False,False,none,skipped_insufficient_complete_history,-1,No eligible assets or fewer complete rows than the initial window.,,,,
2020-11-30,2020-12-01,crypto_max_sharpe,crypto,max_sharpe,0,335,,SLSQP,False,False,none,skipped_insufficient_complete_history,-1,No eligible assets or fewer complete rows than the initial window.,,,,
2020-11-30,2020-12-01,crypto_min_variance,crypto,minimum_variance,0,335,,SLSQP,False,False,none,skipped_insufficient_complete_history,-1,No eligible assets or fewer complete rows than the initial window.,,,,
2020-11-30,2020-12-01,crypto_risk_parity,crypto,risk_parity,0,335,,SLSQP,False,False,none,skipped_insufficient_complete_history,-1,No eligible assets or fewer complete rows than the initial window.,,,,
2020-11-30,2020-12-01,equity_equal_weight,equity,equal_weight,0,231,,direct,False,False,none,skipped_insufficient_complete_history,-1,No eligible assets or fewer complete rows than the initial window.,,,,
2020-11-30,2020-12-01,equity_max_sharpe,equity,max_sharpe,0,231,,SLSQP,False,False,none,skipped_insufficient_complete_history,-1,No eligible assets or fewer complete rows than the initial window.,,,,
2020-11-30,2020-12-01,equity_min_variance,equity,minimum_variance,0,231,,SLSQP,False,False,none,skipped_insufficient_complete_history,-1,No eligible assets or fewer complete rows than the initial window.,,,,
2020-11-30,2020-12-01,equity_risk_parity,equity,risk_parity,0,231,,SLSQP,False,False,none,skipped_insufficient_complete_history,-1,No eligible assets or fewer complete rows than the initial window.,,,,
2020-12-31,2021-01-04,combined_equal_weight,combined,equal_weight,60,252,0.08333333333333333,direct,True,False,none,ok,0,direct capped equal weight,,0.9999999999999432,0.01666666666666572,0.01666666666666572
2020-12-31,2021-01-04,combined_max_sharpe,combined,max_sharpe,60,252,0.08333333333333333,SLSQP,True,False,none,ok,0,Optimization terminated successfully,-0.1203083523149566,1,0,0.08333333333333333
2020-12-31,2021-01-04,combined_min_variance,combined,minimum_variance,60,252,0.08333333333333333,SLSQP,True,False,none,ok,0,Optimization terminated successfully,0.0002296176855200418,0.9999999999999999,0,0.08333333333333333
2020-12-31,2021-01-04,combined_risk_parity,combined,risk_parity,60,252,0.08333333333333333,SLSQP,True,False,none,ok,0,Optimization terminated successfully,1.69347318923555e-13,1.000000000000011,0.009038148028578857,0.0346931520440402
2020-12-31,2021-01-01,crypto_equal_weight,crypto,equal_weight,10,365,0.35,direct,True,False,none,ok,0,direct capped equal weight,,0.9999999999999716,0.09999999999999715,0.09999999999999715
2020-12-31,2021-01-01,crypto_max_sharpe,crypto,max_sharpe,10,365,0.35,SLSQP,True,False,none,ok,0,Optimization terminated successfully,-0.1100376514728887,1,0,0.35
2020-12-31,2021-01-01,crypto_min_variance,crypto,minimum_variance,10,365,0.35,SLSQP,True,False,none,ok,0,Optimization terminated successfully,0.001599327703294089,1,0,0.35
2020-12-31,2021-01-01,crypto_risk_parity,crypto,risk_parity,10,365,0.35,SLSQP,True,False,none,ok,0,Optimization terminated successfully,4.645707777762479e-11,1.000000000000008,0.09050179680745547,0.139890252728479
2020-12-31,2021-01-04,equity_equal_weight,equity,equal_weight,50,252,0.1,direct,True,False,none,ok,0,direct capped equal weight,,0.9999999999999433,0.01999999999999886,0.01999999999999886
2020-12-31,2021-01-04,equity_max_sharpe,equity,max_sharpe,50,252,0.1,SLSQP,True,False,none,ok,0,Optimization terminated successfully,-0.07782714428247622,1,0,0.1
2020-12-31,2021-01-04,equity_min_variance,equity,minimum_variance,50,252,0.1,SLSQP,True,False,none,ok,0,Optimization terminated successfully,0.0002227195978996827,1,0,0.1
2020-12-31,2021-01-04,equity_risk_parity,equity,risk_parity,50,252,0.1,SLSQP,True,False,none,ok,0,Optimization terminated successfully,7.689450064975601e-12,1.000000000000008,0.009778878764826537,0.03887912604849001
2021-01-29,2021-02-01,combined_equal_weight,combined,equal_weight,60,271,0.08333333333333333,direct,True,False,none,ok,0,direct capped equal weight,,0.9999999999999432,0.01666666666666572,0.01666666666666572
2021-01-29,2021-02-01,combined_max_sharpe,combined,max_sharpe,60,271,0.08333333333333333,SLSQP,True,False,none,ok,0,Optimization terminated successfully,-0.1201521186327026,1,0,0.08333333333333333
2021-01-29,2021-02-01,combined_min_variance,combined,minimum_variance,60,271,0.08333333333333333,SLSQP,True,False,none,ok,0,Optimization terminated successfully,0.0002167759962626971,1,0,0.08333333333333333
2021-01-29,2021-02-01,combined_risk_parity,combined,risk_parity,60,271,0.08333333333333333,SLSQP,True,False,none,ok,0,Optimization terminated successfully,6.740182235612516e-12,0.9999999999999287,0.009033540037960985,0.03376570560488736
2021-01-29,2021-02-01,equity_equal_weight,equity,equal_weight,50,271,0.1,direct,True,False,none,ok,0,direct capped equal weight,,0.9999999999999433,0.01999999999999886,0.01999999999999886
2021-01-29,2021-02-01,equity_max_sharpe,equity,max_sharpe,50,271,0.1,SLSQP,True,False,none,ok,0,Optimization terminated successfully,-0.07092944028962661,1,0,0.1
2021-01-29,2021-02-01,equity_min_variance,equity,minimum_variance,50,271,0.1,SLSQP,True,False,none,ok,0,Optimization terminated successfully,0.0002102776850956314,1,0,0.1
2021-01-29,2021-02-01,equity_risk_parity,equity,risk_parity,50,271,0.1,SLSQP,True,False,none,ok,0,Optimization terminated successfully,1.287041926777442e-12,0.9999999999999721,0.009786664390619624,0.03847898621671619
2021-01-31,2021-02-01,crypto_equal_weight,crypto,equal_weight,10,396,0.35,direct,True,False,none,ok,0,direct capped equal weight,,0.9999999999999716,0.09999999999999715,0.09999999999999715
2021-01-31,2021-02-01,crypto_max_sharpe,crypto,max_sharpe,10,396,0.35,SLSQP,True,False,none,ok,0,Optimization terminated successfully,-0.1259301904890707,0.9999999999999999,0,0.35
2021-01-31,2021-02-01,crypto_min_variance,crypto,minimum_variance,10,396,0.35,SLSQP,True,False,none,ok,0,Optimization terminated successfully,0.001653923515398514,1,0,0.35
2021-01-31,2021-02-01,crypto_risk_parity,crypto,risk_parity,10,396,0.35,SLSQP,True,False,none,ok,0,Optimization terminated successfully,1.316439256392753e-12,0.99999999999998,0.08375599293028665,0.1407924472342126
2021-02-26,2021-03-01,combined_equal_weight,combined,equal_weight,60,290,0.08333333333333333,direct,True,False,none,ok,0,direct capped equal weight,,0.9999999999999432,0.01666666666666572,0.01666666666666572
2021-02-26,2021-03-01,combined_max_sharpe,combined,max_sharpe,60,290,0.08333333333333333,SLSQP,True,False,none,ok,0,Optimization terminated successfully,-0.1299601285400921,1,0,0.08333333333333333
2021-02-26,2021-03-01,combined_min_variance,combined,minimum_variance,60,290,0.08333333333333333,SLSQP,True,False,none,ok,0,Optimization terminated successfully,0.0002060651146654669,1,0,0.08333333333333333
2021-02-26,2021-03-01,combined_risk_parity,combined,risk_parity,60,290,0.08333333333333333,SLSQP,True,False,none,ok,0,Optimization terminated successfully,1.194632905554804e-12,0.9999999999999448,0.008959356332211628,0.03358429145344184
2021-02-26,2021-03-01,equity_equal_weight,equity,equal_weight,50,290,0.1,direct,True,False,none,ok,0,direct capped equal weight,,0.9999999999999433,0.01999999999999886,0.01999999999999886
2021-02-26,2021-03-01,equity_max_sharpe,equity,max_sharpe,50,290,0.1,SLSQP,True,False,none,ok,0,Optimization terminated successfully,-0.07108408876590198,1,0,0.1
2021-02-26,2021-03-01,equity_min_variance,equity,minimum_variance,50,290,0.1,SLSQP,True,False,none,ok,0,Optimization terminated successfully,0.0002000380455229184,0.9999999999999999,0,0.1
2021-02-26,2021-03-01,equity_risk_parity,equity,risk_parity,50,290,0.1,SLSQP,True,False,none,ok,0,Optimization terminated successfully,5.105711717754094e-13,1.000000000000018,0.009737787252427471,0.03814164231861699
2021-02-28,2021-03-01,crypto_equal_weight,crypto,equal_weight,10,424,0.35,direct,True,False,none,ok,0,direct capped equal weight,,0.9999999999999716,0.09999999999999715,0.09999999999999715
2021-02-28,2021-03-01,crypto_max_sharpe,crypto,max_sharpe,10,424,0.35,SLSQP,True,False,none,ok,0,Optimization terminated successfully,-0.1425926004180727,1,0,0.35
2021-02-28,2021-03-01,crypto_min_variance,crypto,minimum_variance,10,424,0.35,SLSQP,True,False,none,ok,0,Optimization terminated successfully,0.001732032514949244,0.9999999999999998,0,0.35
2021-02-28,2021-03-01,crypto_risk_parity,crypto,risk_parity,10,424,0.35,SLSQP,True,False,none,ok,0,Optimization terminated successfully,7101.555183882217,0.9999999999999716,0.09999999999999715,0.09999999999999715
2021-03-31,2021-04-01,combined_equal_weight,combined,equal_weight,60,313,0.08333333333333333,direct,True,False,none,ok,0,direct capped equal weight,,0.9999999999999432,0.01666666666666572,0.01666666666666572
2021-03-31,2021-04-01,combined_max_sharpe,combined,max_sharpe,60,313,0.08333333333333333,SLSQP,True,False,none,ok,0,Optimization terminated successfully,-0.136867586382896,1.000000000000001,0,0.08333333333333333
2021-03-31,2021-04-01,combined_min_variance,combined,minimum_variance,60,313,0.08333333333333333,SLSQP,True,False,none,ok,0,Optimization terminated successfully,0.0001950183406872318,1,0,0.08333333333333333
2021-03-31,2021-04-01,combined_risk_parity,combined,risk_parity,60,313,0.08333333333333333,SLSQP,True,False,none,ok,0,Optimization terminated successfully,1.757956793503671e-13,0.9999999999999548,0.009024581635254767,0.03326976477054625
2021-03-31,2021-04-01,crypto_equal_weight,crypto,equal_weight,10,455,0.35,direct,True,False,none,ok,0,direct capped equal weight,,0.9999999999999716,0.09999999999999715,0.09999999999999715
2021-03-31,2021-04-01,crypto_max_sharpe,crypto,max_sharpe,10,455,0.35,SLSQP,True,False,none,ok,0,Optimization terminated successfully,-0.1472664691180321,1,0,0.35
2021-03-31,2021-04-01,crypto_min_variance,crypto,minimum_variance,10,455,0.35,SLSQP,True,False,none,ok,0,Optimization terminated successfully,0.001701735923679118,1,0,0.35
2021-03-31,2021-04-01,crypto_risk_parity,crypto,risk_parity,10,455,0.35,SLSQP,True,False,none,ok,0,Optimization terminated successfully,7.666094789456681e-13,1.000000000000015,0.0859149801850695,0.1406072022757535
2021-03-31,2021-04-01,equity_equal_weight,equity,equal_weight,50,313,0.1,direct,True,False,none,ok,0,direct capped equal weight,,0.9999999999999433,0.01999999999999886,0.01999999999999886
2021-03-31,2021-04-01,equity_max_sharpe,equity,max_sharpe,50,313,0.1,SLSQP,True,False,none,ok,0,Optimization terminated successfully,-0.07682714888888509,1.000000000000001,0,0.1
2021-03-31,2021-04-01,equity_min_variance,equity,minimum_variance,50,313,0.1,SLSQP,True,False,none,ok,0,Optimization terminated successfully,0.0001896626184365039,1,0,0.1
2021-03-31,2021-04-01,equity_risk_parity,equity,risk_parity,50,313,0.1,SLSQP,True,False,none,ok,0,Optimization terminated successfully,3.703617844393899e-11,1.000000000000051,0.009810167856905186,0.03762710702820077
2021-04-30,2021-05-03,combined_equal_weight,combined,equal_weight,60,334,0.08333333333333333,direct,True,False,none,ok,0,direct capped equal weight,,0.9999999999999432,0.01666666666666572,0.01666666666666572
2021-04-30,2021-05-03,combined_max_sharpe,combined,max_sharpe,60,334,0.08333333333333333,SLSQP,True,False,none,ok,0,Optimization terminated successfully,-0.1474111378713179,1,0,0.08333333333333333
2021-04-30,2021-05-03,combined_min_variance,combined,minimum_variance,60,334,0.08333333333333333,SLSQP,True,False,none,ok,0,Optimization terminated successfully,0.000183949001946064,1,0,0.08333333333333333
2021-04-30,2021-05-03,combined_risk_parity,combined,risk_parity,60,334,0.08333333333333333,SLSQP,True,False,none,ok,0,Optimization terminated successfully,5.206607874103266e-13,0.9999999999999807,0.009101510589336595,0.03274792250692579
2021-04-30,2021-05-01,crypto_equal_weight,crypto,equal_weight,10,485,0.35,direct,True,False,none,ok,0,direct capped equal weight,,0.9999999999999716,0.09999999999999715,0.09999999999999715
2021-04-30,2021-05-01,crypto_max_sharpe,crypto,max_sharpe,10,485,0.35,SLSQP,True,False,none,ok,0,Optimization terminated successfully,-0.1571547629308843,1,2.775557561562891e-17,0.35
2021-04-30,2021-05-01,crypto_min_variance,crypto,minimum_variance,10,485,0.35,SLSQP,True,False,none,ok,0,Optimization terminated successfully,0.001739027241379557,1,0,0.35
2021-04-30,2021-05-01,crypto_risk_parity,crypto,risk_parity,10,485,0.35,SLSQP,False,True,previous_feasible_target,fallback,8,Positive directional derivative for linesearch; invalid output: weight sum 1.010958643211314 is not one,648.176275851822,1.000000000000015,0.0859149801850695,0.1406072022757535
2021-04-30,2021-05-03,equity_equal_weight,equity,equal_weight,50,334,0.1,direct,True,False,none,ok,0,direct capped equal weight,,0.9999999999999433,0.01999999999999886,0.01999999999999886
2021-04-30,2021-05-03,equity_max_sharpe,equity,max_sharpe,50,334,0.1,SLSQP,True,False,none,ok,0,Optimization terminated successfully,-0.08344894404609382,1.000000000000002,2.775557561562891e-17,0.09999999999999998
2021-04-30,2021-05-03,equity_min_variance,equity,minimum_variance,50,334,0.1,SLSQP,True,False,none,ok,0,Optimization terminated successfully,0.0001791478120414067,1,0,0.1
2021-04-30,2021-05-03,equity_risk_parity,equity,risk_parity,50,334,0.1,SLSQP,True,False,none,ok,0,Optimization terminated successfully,1.726031889294447e-11,0.9999999999999861,0.009838344225814867,0.03728478764266303
2021-05-28,2021-06-01,combined_equal_weight,combined,equal_weight,60,354,0.08333333333333333,direct,True,False,none,ok,0,direct capped equal weight,,0.9999999999999432,0.01666666666666572,0.01666666666666572
2021-05-28,2021-06-01,combined_max_sharpe,combined,max_sharpe,60,354,0.08333333333333333,SLSQP,True,False,none,ok,0,Optimization terminated successfully,-0.1452794972855212,1.000000000000001,0,0.08333333333333333
2021-05-28,2021-06-01,combined_min_variance,combined,minimum_variance,60,354,0.08333333333333333,SLSQP,True,False,none,ok,0,Optimization terminated successfully,0.0001757106208403293,1,0,0.08333333333333333
2021-05-28,2021-06-01,combined_risk_parity,combined,risk_parity,60,354,0.08333333333333333,SLSQP,True,False,none,ok,0,Optimization terminated successfully,7.89054817835595e-13,0.9999999999999003,0.008414241917168157,0.03268087354445448
2021-05-28,2021-06-01,equity_equal_weight,equity,equal_weight,50,354,0.1,direct,True,False,none,ok,0,direct capped equal weight,,0.9999999999999433,0.01999999999999886,0.01999999999999886
2021-05-28,2021-06-01,equity_max_sharpe,equity,max_sharpe,50,354,0.1,SLSQP,True,False,none,ok,0,Optimization terminated successfully,-0.08948816251144383,1.000000000000001,0,0.1
2021-05-28,2021-06-01,equity_min_variance,equity,minimum_variance,50,354,0.1,SLSQP,True,False,none,ok,0,Optimization terminated successfully,0.0001713128379170717,0.9999999999999998,0,0.1
2021-05-28,2021-06-01,equity_risk_parity,equity,risk_parity,50,354,0.1,SLSQP,True,False,none,ok,0,Optimization terminated successfully,1.160716886923469e-11,0.9999999999999513,0.0098532318890861,0.03687398538786463
2021-05-31,2021-06-01,crypto_equal_weight,crypto,equal_weight,10,516,0.35,direct,True,False,none,ok,0,direct capped equal weight,,0.9999999999999716,0.09999999999999715,0.09999999999999715
2021-05-31,2021-06-01,crypto_max_sharpe,crypto,max_sharpe,10,516,0.35,SLSQP,True,False,none,ok,0,Optimization terminated successfully,-0.1406992937885234,1,0,0.35
2021-05-31,2021-06-01,crypto_min_variance,crypto,minimum_variance,10,516,0.35,SLSQP,True,False,none,ok,0,Optimization terminated successfully,0.002048883075730599,0.9999999999999998,0,0.35
2021-05-31,2021-06-01,crypto_risk_parity,crypto,risk_parity,10,516,0.35,SLSQP,True,False,none,ok,0,Optimization terminated successfully,16930.44303416566,0.9999999999999716,0.09999999999999715,0.09999999999999715
2021-06-30,2021-07-01,combined_equal_weight,combined,equal_weight,60,376,0.08333333333333333,direct,True,False,none,ok,0,direct capped equal weight,,0.9999999999999432,0.01666666666666572,0.01666666666666572
2021-06-30,2021-07-01,combined_max_sharpe,combined,max_sharpe,60,376,0.08333333333333333,SLSQP,True,False,none,ok,0,Optimization terminated successfully,-0.1332368855171367,1,0,0.08333333333333333
2021-06-30,2021-07-01,combined_min_variance,combined,minimum_variance,60,376,0.08333333333333333,SLSQP,True,False,none,ok,0,Optimization terminated successfully,0.0001674782640349664,1,0,0.08333333333333333
2021-06-30,2021-07-01,combined_risk_parity,combined,risk_parity,60,376,0.08333333333333333,SLSQP,True,False,none,ok,0,Optimization terminated successfully,1.649979830744242e-11,1.000000000000072,0.008299839693657352,0.03261287187943553
2021-06-30,2021-07-01,crypto_equal_weight,crypto,equal_weight,10,546,0.35,direct,True,False,none,ok,0,direct capped equal weight,,0.9999999999999716,0.09999999999999715,0.09999999999999715
2021-06-30,2021-07-01,crypto_max_sharpe,crypto,max_sharpe,10,546,0.35,SLSQP,True,False,none,ok,0,Optimization terminated successfully,-0.1264814098655208,1,0,0.35
2021-06-30,2021-07-01,crypto_min_variance,crypto,minimum_variance,10,546,0.35,SLSQP,True,False,none,ok,0,Optimization terminated successfully,0.002074761037744933,1,2.775557561562891e-17,0.35
2021-06-30,2021-07-01,crypto_risk_parity,crypto,risk_parity,10,546,0.35,SLSQP,True,False,none,ok,0,Optimization terminated successfully,16647.57088138729,0.9999999999999716,0.09999999999999715,0.09999999999999715
2021-06-30,2021-07-01,equity_equal_weight,equity,equal_weight,50,376,0.1,direct,True,False,none,ok,0,direct capped equal weight,,0.9999999999999433,0.01999999999999886,0.01999999999999886
2021-06-30,2021-07-01,equity_max_sharpe,equity,max_sharpe,50,376,0.1,SLSQP,True,False,none,ok,0,Optimization terminated successfully,-0.08772977258838509,1,0,0.1
2021-06-30,2021-07-01,equity_min_variance,equity,minimum_variance,50,376,0.1,SLSQP,True,False,none,ok,0,Optimization terminated successfully,0.0001633459358221405,1,0,0.1
2021-06-30,2021-07-01,equity_risk_parity,equity,risk_parity,50,376,0.1,SLSQP,True,False,none,ok,0,Optimization terminated successfully,1.186828038346634e-11,1.000000000000077,0.009872320574486169,0.03638877193633318
2021-07-30,2021-08-02,combined_equal_weight,combined,equal_weight,60,397,0.08333333333333333,direct,True,False,none,ok,0,direct capped equal weight,,0.9999999999999432,0.01666666666666572,0.01666666666666572
2021-07-30,2021-08-02,combined_max_sharpe,combined,max_sharpe,60,397,0.08333333333333333,SLSQP,True,False,none,ok,0,Optimization terminated successfully,-0.1304397631472281,1.000000000000001,0,0.08333333333333333
2021-07-30,2021-08-02,combined_min_variance,combined,minimum_variance,60,397,0.08333333333333333,SLSQP,True,False,none,ok,0,Optimization terminated successfully,0.0001596499757489863,1,0,0.08333333333333333
2021-07-30,2021-08-02,combined_risk_parity,combined,risk_parity,60,397,0.08333333333333333,SLSQP,True,False,none,ok,0,Optimization terminated successfully,8.726392157505777e-13,0.9999999999999623,0.008257065310653596,0.03265595329281844
2021-07-30,2021-08-02,equity_equal_weight,equity,equal_weight,50,397,0.1,direct,True,False,none,ok,0,direct capped equal weight,,0.9999999999999433,0.01999999999999886,0.01999999999999886
2021-07-30,2021-08-02,equity_max_sharpe,equity,max_sharpe,50,397,0.1,SLSQP,True,False,none,ok,0,Optimization terminated successfully,-0.08663147413677059,1.000000000000001,0,0.1
2021-07-30,2021-08-02,equity_min_variance,equity,minimum_variance,50,397,0.1,SLSQP,True,False,none,ok,0,Optimization terminated successfully,0.0001557561981112632,1,0,0.1
2021-07-30,2021-08-02,equity_risk_parity,equity,risk_parity,50,397,0.1,SLSQP,True,False,none,ok,0,Optimization terminated successfully,4.346297661363536e-12,0.9999999999999594,0.00983392596289949,0.03623817809363907
2021-07-31,2021-08-01,crypto_equal_weight,crypto,equal_weight,10,577,0.35,direct,True,False,none,ok,0,direct capped equal weight,,0.9999999999999716,0.09999999999999715,0.09999999999999715
2021-07-31,2021-08-01,crypto_max_sharpe,crypto,max_sharpe,10,577,0.35,SLSQP,True,False,none,ok,0,Optimization terminated successfully,-0.123846801039603,0.9999999999999999,0,0.35
2021-07-31,2021-08-01,crypto_min_variance,crypto,minimum_variance,10,577,0.35,SLSQP,True,False,none,ok,0,Optimization terminated successfully,0.002012044010390972,0.9999999999999998,0,0.35
2021-07-31,2021-08-01,crypto_risk_parity,crypto,risk_parity,10,577,0.35,SLSQP,True,False,none,ok,0,Optimization terminated successfully,15082.84583425252,0.9999999999999716,0.09999999999999715,0.09999999999999715
2021-08-31,2021-09-01,combined_equal_weight,combined,equal_weight,60,419,0.08333333333333333,direct,True,False,none,ok,0,direct capped equal weight,,0.9999999999999432,0.01666666666666572,0.01666666666666572
2021-08-31,2021-09-01,combined_max_sharpe,combined,max_sharpe,60,419,0.08333333333333333,SLSQP,True,False,none,ok,0,Optimization terminated successfully,-0.1360762500735458,1.000000000000001,0,0.08333333333333333
2021-08-31,2021-09-01,combined_min_variance,combined,minimum_variance,60,419,0.08333333333333333,SLSQP,True,False,none,ok,0,Optimization terminated successfully,0.0001525383353715865,1,0,0.08333333333333333
2021-08-31,2021-09-01,combined_risk_parity,combined,risk_parity,60,419,0.08333333333333333,SLSQP,True,False,none,ok,0,Optimization terminated successfully,4.372391533252895e-13,0.9999999999999163,0.008162664511828944,0.03273223794364202
2021-08-31,2021-09-01,crypto_equal_weight,crypto,equal_weight,10,608,0.35,direct,True,False,none,ok,0,direct capped equal weight,,0.9999999999999716,0.09999999999999715,0.09999999999999715
2021-08-31,2021-09-01,crypto_max_sharpe,crypto,max_sharpe,10,608,0.35,SLSQP,True,False,none,ok,0,Optimization terminated successfully,-0.1314687260571054,1,0,0.35
2021-08-31,2021-09-01,crypto_min_variance,crypto,minimum_variance,10,608,0.35,SLSQP,True,False,none,ok,0,Optimization terminated successfully,0.00197267505854125,1,3.400790109806184e-18,0.35
2021-08-31,2021-09-01,crypto_risk_parity,crypto,risk_parity,10,608,0.35,SLSQP,True,False,none,ok,0,Optimization terminated successfully,14569.99984206246,0.9999999999999716,0.09999999999999715,0.09999999999999715
2021-08-31,2021-09-01,equity_equal_weight,equity,equal_weight,50,419,0.1,direct,True,False,none,ok,0,direct capped equal weight,,0.9999999999999433,0.01999999999999886,0.01999999999999886
2021-08-31,2021-09-01,equity_max_sharpe,equity,max_sharpe,50,419,0.1,SLSQP,True,False,none,ok,0,Optimization terminated successfully,-0.08803340354669607,1,0,0.1
2021-08-31,2021-09-01,equity_min_variance,equity,minimum_variance,50,419,0.1,SLSQP,True,False,none,ok,0,Optimization terminated successfully,0.0001489834715405362,1,0,0.1
2021-08-31,2021-09-01,equity_risk_parity,equity,risk_parity,50,419,0.1,SLSQP,True,False,none,ok,0,Optimization terminated successfully,3.845595425540079e-12,0.9999999999999422,0.00978616582525659,0.035785480294105
2021-09-30,2021-10-01,combined_equal_weight,combined,equal_weight,60,440,0.08333333333333333,direct,True,False,none,ok,0,direct capped equal weight,,0.9999999999999432,0.01666666666666572,0.01666666666666572
2021-09-30,2021-10-01,combined_max_sharpe,combined,max_sharpe,60,440,0.08333333333333333,SLSQP,True,False,none,ok,0,Optimization terminated successfully,-0.1190784192366796,1,0,0.08333333333333333
2021-09-30,2021-10-01,combined_min_variance,combined,minimum_variance,60,440,0.08333333333333333,SLSQP,True,False,none,ok,0,Optimization terminated successfully,0.0001474061365450428,1,0,0.08333333333333333
2021-09-30,2021-10-01,combined_risk_parity,combined,risk_parity,60,440,0.08333333333333333,SLSQP,True,False,none,ok,0,Optimization terminated successfully,9.710592466811426e-13,1.000000000000077,0.007965207184900408,0.03273720542783379
2021-09-30,2021-10-01,crypto_equal_weight,crypto,equal_weight,10,638,0.35,direct,True,False,none,ok,0,direct capped equal weight,,0.9999999999999716,0.09999999999999715,0.09999999999999715
2021-09-30,2021-10-01,crypto_max_sharpe,crypto,max_sharpe,10,638,0.35,SLSQP,True,False,none,ok,0,Optimization terminated successfully,-0.1211395030575197,1,0,0.35
2021-09-30,2021-10-01,crypto_min_variance,crypto,minimum_variance,10,638,0.35,SLSQP,True,False,none,ok,0,Optimization terminated successfully,0.001985224848012649,0.9999999999999999,0,0.35
2021-09-30,2021-10-01,crypto_risk_parity,crypto,risk_parity,10,638,0.35,SLSQP,True,False,none,ok,0,Optimization terminated successfully,14170.91799460866,0.9999999999999716,0.09999999999999715,0.09999999999999715
2021-09-30,2021-10-01,equity_equal_weight,equity,equal_weight,50,440,0.1,direct,True,False,none,ok,0,direct capped equal weight,,0.9999999999999433,0.01999999999999886,0.01999999999999886
2021-09-30,2021-10-01,equity_max_sharpe,equity,max_sharpe,50,440,0.1,SLSQP,True,False,none,ok,0,Optimization terminated successfully,-0.07518108620219703,1.000000000000001,0,0.1
2021-09-30,2021-10-01,equity_min_variance,equity,minimum_variance,50,440,0.1,SLSQP,True,False,none,ok,0,Optimization terminated successfully,0.0001441421423345042,1,0,0.1
2021-09-30,2021-10-01,equity_risk_parity,equity,risk_parity,50,440,0.1,SLSQP,True,False,none,ok,0,Optimization terminated successfully,8.640255944156912e-13,0.9999999999999372,0.00975610278835032,0.03575094237781467
2021-10-29,2021-11-01,combined_equal_weight,combined,equal_weight,60,461,0.08333333333333333,direct,True,False,none,ok,0,direct capped equal weight,,0.9999999999999432,0.01666666666666572,0.01666666666666572
2021-10-29,2021-11-01,combined_max_sharpe,combined,max_sharpe,60,461,0.08333333333333333,SLSQP,True,False,none,ok,0,Optimization terminated successfully,-0.1282403616718371,1,0,0.08333333333333333
2021-10-29,2021-11-01,combined_min_variance,combined,minimum_variance,60,461,0.08333333333333333,SLSQP,True,False,none,ok,0,Optimization terminated successfully,0.0001422476353841193,1,0,0.08333333333333333
2021-10-29,2021-11-01,combined_risk_parity,combined,risk_parity,60,461,0.08333333333333333,SLSQP,True,False,none,ok,0,Optimization terminated successfully,1.22919223550041e-11,1.000000000000004,0.007919848397379317,0.03276312821939168
2021-10-29,2021-11-01,equity_equal_weight,equity,equal_weight,50,461,0.1,direct,True,False,none,ok,0,direct capped equal weight,,0.9999999999999433,0.01999999999999886,0.01999999999999886
2021-10-29,2021-11-01,equity_max_sharpe,equity,max_sharpe,50,461,0.1,SLSQP,True,False,none,ok,0,Optimization terminated successfully,-0.08399272442730907,1.000000000000001,0,0.1
2021-10-29,2021-11-01,equity_min_variance,equity,minimum_variance,50,461,0.1,SLSQP,True,False,none,ok,0,Optimization terminated successfully,0.0001391918470878139,1,0,0.1
2021-10-29,2021-11-01,equity_risk_parity,equity,risk_parity,50,461,0.1,SLSQP,True,False,none,ok,0,Optimization terminated successfully,2.742970778514163e-11,1.000000000000073,0.009768681417204788,0.03595359548649835
2021-10-31,2021-11-01,crypto_equal_weight,crypto,equal_weight,10,669,0.35,direct,True,False,none,ok,0,direct capped equal weight,,0.9999999999999716,0.09999999999999715,0.09999999999999715
2021-10-31,2021-11-01,crypto_max_sharpe,crypto,max_sharpe,10,669,0.35,SLSQP,True,False,none,ok,0,Optimization terminated successfully,-0.1245363049959375,1,2.775557561562891e-17,0.35
2021-10-31,2021-11-01,crypto_min_variance,crypto,minimum_variance,10,669,0.35,SLSQP,True,False,none,ok,0,Optimization terminated successfully,0.001933099934146049,1,0,0.35
2021-10-31,2021-11-01,crypto_risk_parity,crypto,risk_parity,10,669,0.35,SLSQP,True,False,none,ok,0,Optimization terminated successfully,13213.61706685063,0.9999999999999716,0.09999999999999715,0.09999999999999715
2021-11-30,2021-12-01,combined_equal_weight,combined,equal_weight,60,482,0.08333333333333333,direct,True,False,none,ok,0,direct capped equal weight,,0.9999999999999432,0.01666666666666572,0.01666666666666572
2021-11-30,2021-12-01,combined_max_sharpe,combined,max_sharpe,60,482,0.08333333333333333,SLSQP,True,False,none,ok,0,Optimization terminated successfully,-0.1209922813188827,1.000000000000001,0,0.08333333333333333
2021-11-30,2021-12-01,combined_min_variance,combined,minimum_variance,60,482,0.08333333333333333,SLSQP,True,False,none,ok,0,Optimization terminated successfully,0.000138224902133334,1,0,0.08333333333333333
2021-11-30,2021-12-01,combined_risk_parity,combined,risk_parity,60,482,0.08333333333333333,SLSQP,True,False,none,ok,0,Optimization terminated successfully,1.225277614042702e-12,0.9999999999999379,0.007939161965616198,0.03288574856177373
2021-11-30,2021-12-01,crypto_equal_weight,crypto,equal_weight,10,699,0.35,direct,True,False,none,ok,0,direct capped equal weight,,0.9999999999999716,0.09999999999999715,0.09999999999999715
2021-11-30,2021-12-01,crypto_max_sharpe,crypto,max_sharpe,10,699,0.35,SLSQP,True,False,none,ok,0,Optimization terminated successfully,-0.1190993543587352,1,0,0.35
2021-11-30,2021-12-01,crypto_min_variance,crypto,minimum_variance,10,699,0.35,SLSQP,True,False,none,ok,0,Optimization terminated successfully,0.001894245571991986,1,0,0.35
2021-11-30,2021-12-01,crypto_risk_parity,crypto,risk_parity,10,699,0.35,SLSQP,True,False,none,ok,0,Optimization terminated successfully,12320.75107927066,0.9999999999999716,0.09999999999999715,0.09999999999999715
2021-11-30,2021-12-01,equity_equal_weight,equity,equal_weight,50,482,0.1,direct,True,False,none,ok,0,direct capped equal weight,,0.9999999999999433,0.01999999999999886,0.01999999999999886
2021-11-30,2021-12-01,equity_max_sharpe,equity,max_sharpe,50,482,0.1,SLSQP,True,False,none,ok,0,Optimization terminated successfully,-0.08246537663244934,1,0,0.1
2021-11-30,2021-12-01,equity_min_variance,equity,minimum_variance,50,482,0.1,SLSQP,True,False,none,ok,0,Optimization terminated successfully,0.0001353048706961843,1,0,0.1
2021-11-30,2021-12-01,equity_risk_parity,equity,risk_parity,50,482,0.1,SLSQP,True,False,none,ok,0,Optimization terminated successfully,1.571375980247892e-12,1.000000000000053,0.009741790418013388,0.03619483887917273
2021-12-31,2022-01-03,combined_equal_weight,combined,equal_weight,60,504,0.08333333333333333,direct,True,False,none,ok,0,direct capped equal weight,,0.9999999999999432,0.01666666666666572,0.01666666666666572
2021-12-31,2022-01-03,combined_max_sharpe,combined,max_sharpe,60,504,0.08333333333333333,SLSQP,True,False,none,ok,0,Optimization terminated successfully,-0.1208565471523983,1,0,0.08333333333333333
2021-12-31,2022-01-03,combined_min_variance,combined,minimum_variance,60,504,0.08333333333333333,SLSQP,True,False,none,ok,0,Optimization terminated successfully,0.0001342014866693339,1,0,0.08333333333333333
2021-12-31,2022-01-03,combined_risk_parity,combined,risk_parity,60,504,0.08333333333333333,SLSQP,True,False,none,ok,0,Optimization terminated successfully,4.265925124643974e-14,1.000000000000063,0.007886652723112588,0.03314217980749448
2021-12-31,2022-01-01,crypto_equal_weight,crypto,equal_weight,10,730,0.35,direct,True,False,none,ok,0,direct capped equal weight,,0.9999999999999716,0.09999999999999715,0.09999999999999715
2021-12-31,2022-01-01,crypto_max_sharpe,crypto,max_sharpe,10,730,0.35,SLSQP,True,False,none,ok,0,Optimization terminated successfully,-0.1085717888131042,0.9999999999999999,6.967560503478064e-18,0.35
2021-12-31,2022-01-01,crypto_min_variance,crypto,minimum_variance,10,730,0.35,SLSQP,True,False,none,ok,0,Optimization terminated successfully,0.001863545484527071,1,6.857439102130682e-18,0.35
2021-12-31,2022-01-01,crypto_risk_parity,crypto,risk_parity,10,730,0.35,SLSQP,True,False,none,ok,0,Optimization terminated successfully,11804.49206280001,0.9999999999999716,0.09999999999999715,0.09999999999999715
2021-12-31,2022-01-03,equity_equal_weight,equity,equal_weight,50,504,0.1,direct,True,False,none,ok,0,direct capped equal weight,,0.9999999999999433,0.01999999999999886,0.01999999999999886
2021-12-31,2022-01-03,equity_max_sharpe,equity,max_sharpe,50,504,0.1,SLSQP,True,False,none,ok,0,Optimization terminated successfully,-0.08827044944324523,1,0,0.1
2021-12-31,2022-01-03,equity_min_variance,equity,minimum_variance,50,504,0.1,SLSQP,True,False,none,ok,0,Optimization terminated successfully,0.0001313879357521761,0.9999999999999999,0,0.1
2021-12-31,2022-01-03,equity_risk_parity,equity,risk_parity,50,504,0.1,SLSQP,True,False,none,ok,0,Optimization terminated successfully,1.144524350340922e-11,1.000000000000008,0.009734335545293871,0.03617751482499808
2022-01-31,2022-02-01,combined_equal_weight,combined,equal_weight,60,524,0.08333333333333333,direct,True,False,none,ok,0,direct capped equal weight,,0.9999999999999432,0.01666666666666572,0.01666666666666572
2022-01-31,2022-02-01,combined_max_sharpe,combined,max_sharpe,60,524,0.08333333333333333,SLSQP,True,False,none,ok,0,Optimization terminated successfully,-0.1075444077840548,1,0,0.08333333333333333
2022-01-31,2022-02-01,combined_min_variance,combined,minimum_variance,60,524,0.08333333333333333,SLSQP,True,False,none,ok,0,Optimization terminated successfully,0.0001307300970945626,1,0,0.08333333333333333
2022-01-31,2022-02-01,combined_risk_parity,combined,risk_parity,60,524,0.08333333333333333,SLSQP,True,False,none,ok,0,Optimization terminated successfully,1.44089894279767e-12,0.999999999999947,0.007823689484248487,0.03308049609465763
2022-01-31,2022-02-01,crypto_equal_weight,crypto,equal_weight,10,761,0.35,direct,True,False,none,ok,0,direct capped equal weight,,0.9999999999999716,0.09999999999999715,0.09999999999999715
2022-01-31,2022-02-01,crypto_max_sharpe,crypto,max_sharpe,10,761,0.35,SLSQP,True,False,none,ok,0,Optimization terminated successfully,-0.09793129493490496,0.9999999999999998,0,0.35
2022-01-31,2022-02-01,crypto_min_variance,crypto,minimum_variance,10,761,0.35,SLSQP,True,False,none,ok,0,Optimization terminated successfully,0.001832626498974707,1,3.286343072679704e-17,0.35
2022-01-31,2022-02-01,crypto_risk_parity,crypto,risk_parity,10,761,0.35,SLSQP,True,False,none,ok,0,Optimization terminated successfully,11044.71198062961,0.9999999999999716,0.09999999999999715,0.09999999999999715
2022-01-31,2022-02-01,equity_equal_weight,equity,equal_weight,50,524,0.1,direct,True,False,none,ok,0,direct capped equal weight,,0.9999999999999433,0.01999999999999886,0.01999999999999886
2022-01-31,2022-02-01,equity_max_sharpe,equity,max_sharpe,50,524,0.1,SLSQP,True,False,none,ok,0,Optimization terminated successfully,-0.07985840166806471,1,0,0.1
2022-01-31,2022-02-01,equity_min_variance,equity,minimum_variance,50,524,0.1,SLSQP,True,False,none,ok,0,Optimization terminated successfully,0.0001277864774728074,0.9999999999999999,0,0.1
2022-01-31,2022-02-01,equity_risk_parity,equity,risk_parity,50,524,0.1,SLSQP,True,False,none,ok,0,Optimization terminated successfully,3.239695329826963e-12,0.9999999999999255,0.0097538721312852,0.03627993981888851
2022-02-28,2022-03-01,combined_equal_weight,combined,equal_weight,60,543,0.08333333333333333,direct,True,False,none,ok,0,direct capped equal weight,,0.9999999999999432,0.01666666666666572,0.01666666666666572
2022-02-28,2022-03-01,combined_max_sharpe,combined,max_sharpe,60,543,0.08333333333333333,SLSQP,True,False,none,ok,0,Optimization terminated successfully,-0.1095049800002193,1,0,0.08333333333333333
2022-02-28,2022-03-01,combined_min_variance,combined,minimum_variance,60,543,0.08333333333333333,SLSQP,True,False,none,ok,0,Optimization terminated successfully,0.0001281501871553972,1,0,0.08333333333333333
2022-02-28,2022-03-01,combined_risk_parity,combined,risk_parity,60,543,0.08333333333333333,SLSQP,True,False,none,ok,0,Optimization terminated successfully,2.953847116454315e-11,0.9999999999999964,0.007808780496110134,0.03335785948273439
2022-02-28,2022-03-01,crypto_equal_weight,crypto,equal_weight,10,789,0.35,direct,True,False,none,ok,0,direct capped equal weight,,0.9999999999999716,0.09999999999999715,0.09999999999999715
2022-02-28,2022-03-01,crypto_max_sharpe,crypto,max_sharpe,10,789,0.35,SLSQP,True,False,none,ok,0,Optimization terminated successfully,-0.09712593465416471,1,0,0.35
2022-02-28,2022-03-01,crypto_min_variance,crypto,minimum_variance,10,789,0.35,SLSQP,True,False,none,ok,0,Optimization terminated successfully,0.001825263978596844,1,0,0.35
2022-02-28,2022-03-01,crypto_risk_parity,crypto,risk_parity,10,789,0.35,SLSQP,True,False,none,ok,0,Optimization terminated successfully,10368.31096231721,0.9999999999999716,0.09999999999999715,0.09999999999999715
2022-02-28,2022-03-01,equity_equal_weight,equity,equal_weight,50,543,0.1,direct,True,False,none,ok,0,direct capped equal weight,,0.9999999999999433,0.01999999999999886,0.01999999999999886
2022-02-28,2022-03-01,equity_max_sharpe,equity,max_sharpe,50,543,0.1,SLSQP,True,False,none,ok,0,Optimization terminated successfully,-0.07950484842056978,1,0,0.1
2022-02-28,2022-03-01,equity_min_variance,equity,minimum_variance,50,543,0.1,SLSQP,True,False,none,ok,0,Optimization terminated successfully,0.0001255027055504762,1,0,0.1
2022-02-28,2022-03-01,equity_risk_parity,equity,risk_parity,50,543,0.1,SLSQP,True,False,none,ok,0,Optimization terminated successfully,2.006796923590397e-12,0.9999999999999506,0.009926166467464522,0.0367949267422393
2022-03-31,2022-04-01,combined_equal_weight,combined,equal_weight,60,566,0.08333333333333333,direct,True,False,none,ok,0,direct capped equal weight,,0.9999999999999432,0.01666666666666572,0.01666666666666572
2022-03-31,2022-04-01,combined_max_sharpe,combined,max_sharpe,60,566,0.08333333333333333,SLSQP,True,False,none,ok,0,Optimization terminated successfully,-0.1144928309531758,1.000000000000002,2.081668171172169e-17,0.08333333333333331
2022-03-31,2022-04-01,combined_min_variance,combined,minimum_variance,60,566,0.08333333333333333,SLSQP,True,False,none,ok,0,Optimization terminated successfully,0.0001251673665961868,1,0,0.08333333333333333
2022-03-31,2022-04-01,combined_risk_parity,combined,risk_parity,60,566,0.08333333333333333,SLSQP,True,False,none,ok,0,Optimization terminated successfully,2.025595551177593e-12,0.9999999999999141,0.007836954752106912,0.03440930561878766
2022-03-31,2022-04-01,crypto_equal_weight,crypto,equal_weight,10,820,0.35,direct,True,False,none,ok,0,direct capped equal weight,,0.9999999999999716,0.09999999999999715,0.09999999999999715
2022-03-31,2022-04-01,crypto_max_sharpe,crypto,max_sharpe,10,820,0.35,SLSQP,True,False,none,ok,0,Optimization terminated successfully,-0.09886684936910602,1,9.765729267692953e-18,0.35
2022-03-31,2022-04-01,crypto_min_variance,crypto,minimum_variance,10,820,0.35,SLSQP,True,False,none,ok,0,Optimization terminated successfully,0.001782356673090905,0.9999999999999999,0,0.35
2022-03-31,2022-04-01,crypto_risk_parity,crypto,risk_parity,10,820,0.35,SLSQP,True,False,none,ok,0,Optimization terminated successfully,9798.040634224451,0.9999999999999716,0.09999999999999715,0.09999999999999715
2022-03-31,2022-04-01,equity_equal_weight,equity,equal_weight,50,566,0.1,direct,True,False,none,ok,0,direct capped equal weight,,0.9999999999999433,0.01999999999999886,0.01999999999999886
2022-03-31,2022-04-01,equity_max_sharpe,equity,max_sharpe,50,566,0.1,SLSQP,True,False,none,ok,0,Optimization terminated successfully,-0.08512046717343603,1,0,0.1
2022-03-31,2022-04-01,equity_min_variance,equity,minimum_variance,50,566,0.1,SLSQP,True,False,none,ok,0,Optimization terminated successfully,0.0001225169776866688,1,0,0.1
2022-03-31,2022-04-01,equity_risk_parity,equity,risk_parity,50,566,0.1,SLSQP,True,False,none,ok,0,Optimization terminated successfully,6.295222325499928e-14,0.9999999999999528,0.00999426310429846,0.03774250570980096
2022-04-29,2022-05-02,combined_equal_weight,combined,equal_weight,60,586,0.08333333333333333,direct,True,False,none,ok,0,direct capped equal weight,,0.9999999999999432,0.01666666666666572,0.01666666666666572
2022-04-29,2022-05-02,combined_max_sharpe,combined,max_sharpe,60,586,0.08333333333333333,SLSQP,True,False,none,ok,0,Optimization terminated successfully,-0.100287621900286,1.000000000000003,4.163336342344337e-17,0.08333333333333329
2022-04-29,2022-05-02,combined_min_variance,combined,minimum_variance,60,586,0.08333333333333333,SLSQP,True,False,none,ok,0,Optimization terminated successfully,0.0001245885873787254,0.9999999999999999,0,0.08333333333333333
2022-04-29,2022-05-02,combined_risk_parity,combined,risk_parity,60,586,0.08333333333333333,SLSQP,True,False,none,ok,0,Optimization terminated successfully,1.600446565168584e-13,0.9999999999999197,0.007836429201320006,0.03390384801580035
2022-04-29,2022-05-02,equity_equal_weight,equity,equal_weight,50,586,0.1,direct,True,False,none,ok,0,direct capped equal weight,,0.9999999999999433,0.01999999999999886,0.01999999999999886
2022-04-29,2022-05-02,equity_max_sharpe,equity,max_sharpe,50,586,0.1,SLSQP,True,False,none,ok,0,Optimization terminated successfully,-0.07289490347104413,1.000000000000001,0,0.1
2022-04-29,2022-05-02,equity_min_variance,equity,minimum_variance,50,586,0.1,SLSQP,True,False,none,ok,0,Optimization terminated successfully,0.0001220143680921984,1,0,0.1
2022-04-29,2022-05-02,equity_risk_parity,equity,risk_parity,50,586,0.1,SLSQP,True,False,none,ok,0,Optimization terminated successfully,3.103111659966278e-12,0.9999999999999504,0.01004537363508046,0.03728442249977398
2022-04-30,2022-05-01,crypto_equal_weight,crypto,equal_weight,10,850,0.35,direct,True,False,none,ok,0,direct capped equal weight,,0.9999999999999716,0.09999999999999715,0.09999999999999715
2022-04-30,2022-05-01,crypto_max_sharpe,crypto,max_sharpe,10,850,0.35,SLSQP,True,False,none,ok,0,Optimization terminated successfully,-0.08910151403430867,1,0,0.35
2022-04-30,2022-05-01,crypto_min_variance,crypto,minimum_variance,10,850,0.35,SLSQP,True,False,none,ok,0,Optimization terminated successfully,0.001748793391621771,0.9999999999999998,0,0.35
2022-04-30,2022-05-01,crypto_risk_parity,crypto,risk_parity,10,850,0.35,SLSQP,True,False,none,ok,0,Optimization terminated successfully,9575.812753856029,0.9999999999999716,0.09999999999999715,0.09999999999999715
2022-05-31,2022-06-01,combined_equal_weight,combined,equal_weight,60,607,0.08333333333333333,direct,True,False,none,ok,0,direct capped equal weight,,0.9999999999999432,0.01666666666666572,0.01666666666666572
2022-05-31,2022-06-01,combined_max_sharpe,combined,max_sharpe,60,607,0.08333333333333333,SLSQP,True,False,none,ok,0,Optimization terminated successfully,-0.0917732013318926,1.000000000000001,0,0.08333333333333333
2022-05-31,2022-06-01,combined_min_variance,combined,minimum_variance,60,607,0.08333333333333333,SLSQP,True,False,none,ok,0,Optimization terminated successfully,0.0001241301060203821,1,0,0.08333333333333333
2022-05-31,2022-06-01,combined_risk_parity,combined,risk_parity,60,607,0.08333333333333333,SLSQP,True,False,none,ok,0,Optimization terminated successfully,1.217351634846551e-11,1.000000000000075,0.007601083706042636,0.03331298235957596
2022-05-31,2022-06-01,crypto_equal_weight,crypto,equal_weight,10,881,0.35,direct,True,False,none,ok,0,direct capped equal weight,,0.9999999999999716,0.09999999999999715,0.09999999999999715
2022-05-31,2022-06-01,crypto_max_sharpe,crypto,max_sharpe,10,881,0.35,SLSQP,True,False,none,ok,0,Optimization terminated successfully,-0.08158909219213785,1,3.985183532331057e-17,0.35
2022-05-31,2022-06-01,crypto_min_variance,crypto,minimum_variance,10,881,0.35,SLSQP,True,False,none,ok,0,Optimization terminated successfully,0.001769174118370157,0.9999999999999998,0,0.35
2022-05-31,2022-06-01,crypto_risk_parity,crypto,risk_parity,10,881,0.35,SLSQP,True,False,none,ok,0,Optimization terminated successfully,9633.25608499253,0.9999999999999716,0.09999999999999715,0.09999999999999715
2022-05-31,2022-06-01,equity_equal_weight,equity,equal_weight,50,607,0.1,direct,True,False,none,ok,0,direct capped equal weight,,0.9999999999999433,0.01999999999999886,0.01999999999999886
2022-05-31,2022-06-01,equity_max_sharpe,equity,max_sharpe,50,607,0.1,SLSQP,True,False,none,ok,0,Optimization terminated successfully,-0.07154088549086005,1,0,0.1
2022-05-31,2022-06-01,equity_min_variance,equity,minimum_variance,50,607,0.1,SLSQP,True,False,none,ok,0,Optimization terminated successfully,0.0001212220781803749,0.9999999999999999,0,0.1
2022-05-31,2022-06-01,equity_risk_parity,equity,risk_parity,50,607,0.1,SLSQP,True,False,none,ok,0,Optimization terminated successfully,7.428356923873793e-14,0.9999999999999856,0.01004856412779476,0.03697647829582448
2022-06-30,2022-07-01,combined_equal_weight,combined,equal_weight,60,628,0.08333333333333333,direct,True,False,none,ok,0,direct capped equal weight,,0.9999999999999432,0.01666666666666572,0.01666666666666572
2022-06-30,2022-07-01,combined_max_sharpe,combined,max_sharpe,60,628,0.08333333333333333,SLSQP,True,False,none,ok,0,Optimization terminated successfully,-0.07565910499384534,1.000000000000002,0,0.08333333333333333
2022-06-30,2022-07-01,combined_min_variance,combined,minimum_variance,60,628,0.08333333333333333,SLSQP,True,False,none,ok,0,Optimization terminated successfully,0.0001243657089110663,0.9999999999999999,0,0.08333333333333333
2022-06-30,2022-07-01,combined_risk_parity,combined,risk_parity,60,628,0.08333333333333333,SLSQP,True,False,none,ok,0,Optimization terminated successfully,3.612164483410304e-13,0.9999999999999213,0.007607286168013798,0.03345240351652717
2022-06-30,2022-07-01,crypto_equal_weight,crypto,equal_weight,10,911,0.35,direct,True,False,none,ok,0,direct capped equal weight,,0.9999999999999716,0.09999999999999715,0.09999999999999715
2022-06-30,2022-07-01,crypto_max_sharpe,crypto,max_sharpe,10,911,0.35,SLSQP,True,False,none,ok,0,Optimization terminated successfully,-0.06915123468878265,0.9999999999999428,0,0.286800220015237
2022-06-30,2022-07-01,crypto_min_variance,crypto,minimum_variance,10,911,0.35,SLSQP,True,False,none,ok,0,Optimization terminated successfully,0.00178068311122827,1,0,0.35
2022-06-30,2022-07-01,crypto_risk_parity,crypto,risk_parity,10,911,0.35,SLSQP,True,False,none,ok,0,Optimization terminated successfully,9098.748750477644,0.9999999999999716,0.09999999999999715,0.09999999999999715
2022-06-30,2022-07-01,equity_equal_weight,equity,equal_weight,50,628,0.1,direct,True,False,none,ok,0,direct capped equal weight,,0.9999999999999433,0.01999999999999886,0.01999999999999886
2022-06-30,2022-07-01,equity_max_sharpe,equity,max_sharpe,50,628,0.1,SLSQP,True,False,none,ok,0,Optimization terminated successfully,-0.05879980712138824,1.000000000000001,0,0.1
2022-06-30,2022-07-01,equity_min_variance,equity,minimum_variance,50,628,0.1,SLSQP,True,False,none,ok,0,Optimization terminated successfully,0.0001215138726155467,1,0,0.1
2022-06-30,2022-07-01,equity_risk_parity,equity,risk_parity,50,628,0.1,SLSQP,True,False,none,ok,0,Optimization terminated successfully,6.092734901341839e-12,1.000000000000079,0.0101759311419289,0.03688080654053152
2022-07-29,2022-08-01,combined_equal_weight,combined,equal_weight,60,648,0.08333333333333333,direct,True,False,none,ok,0,direct capped equal weight,,0.9999999999999432,0.01666666666666572,0.01666666666666572
2022-07-29,2022-08-01,combined_max_sharpe,combined,max_sharpe,60,648,0.08333333333333333,SLSQP,True,False,none,ok,0,Optimization terminated successfully,-0.0826608049541822,1.000000000000003,0,0.08333333333333333
2022-07-29,2022-08-01,combined_min_variance,combined,minimum_variance,60,648,0.08333333333333333,SLSQP,True,False,none,ok,0,Optimization terminated successfully,0.0001218540205658491,1,0,0.08333333333333333
2022-07-29,2022-08-01,combined_risk_parity,combined,risk_parity,60,648,0.08333333333333333,SLSQP,True,False,none,ok,0,Optimization terminated successfully,1.696777860288101e-12,1.000000000000025,0.007590016851520234,0.03324807230957741
2022-07-29,2022-08-01,equity_equal_weight,equity,equal_weight,50,648,0.1,direct,True,False,none,ok,0,direct capped equal weight,,0.9999999999999433,0.01999999999999886,0.01999999999999886
2022-07-29,2022-08-01,equity_max_sharpe,equity,max_sharpe,50,648,0.1,SLSQP,True,False,none,ok,0,Optimization terminated successfully,-0.0646271961041139,1,0,0.1
2022-07-29,2022-08-01,equity_min_variance,equity,minimum_variance,50,648,0.1,SLSQP,True,False,none,ok,0,Optimization terminated successfully,0.0001191208351706067,0.9999999999999998,0,0.1
2022-07-29,2022-08-01,equity_risk_parity,equity,risk_parity,50,648,0.1,SLSQP,True,False,none,ok,0,Optimization terminated successfully,2.289718492838233e-12,0.9999999999999256,0.01017690479916641,0.03695222758005357
2022-07-31,2022-08-01,crypto_equal_weight,crypto,equal_weight,10,942,0.35,direct,True,False,none,ok,0,direct capped equal weight,,0.9999999999999716,0.09999999999999715,0.09999999999999715
2022-07-31,2022-08-01,crypto_max_sharpe,crypto,max_sharpe,10,942,0.35,SLSQP,True,False,none,ok,0,Optimization terminated successfully,-0.07423982511506519,0.9999999999999424,0,0.3109147027673295
2022-07-31,2022-08-01,crypto_min_variance,crypto,minimum_variance,10,942,0.35,SLSQP,True,False,none,ok,0,Optimization terminated successfully,0.001757506196704854,1.000000000000001,8.326672684688674e-17,0.3499999999999999
2022-07-31,2022-08-01,crypto_risk_parity,crypto,risk_parity,10,942,0.35,SLSQP,True,False,none,ok,0,Optimization terminated successfully,9061.587122614073,0.9999999999999716,0.09999999999999715,0.09999999999999715
2022-08-31,2022-09-01,combined_equal_weight,combined,equal_weight,60,671,0.08333333333333333,direct,True,False,none,ok,0,direct capped equal weight,,0.9999999999999432,0.01666666666666572,0.01666666666666572
2022-08-31,2022-09-01,combined_max_sharpe,combined,max_sharpe,60,671,0.08333333333333333,SLSQP,True,False,none,ok,0,Optimization terminated successfully,-0.07724727828208666,0.9999999999999994,0,0.08333333333333333
2022-08-31,2022-09-01,combined_min_variance,combined,minimum_variance,60,671,0.08333333333333333,SLSQP,True,False,none,ok,0,Optimization terminated successfully,0.0001202118888734142,1,0,0.08333333333333333
2022-08-31,2022-09-01,combined_risk_parity,combined,risk_parity,60,671,0.08333333333333333,SLSQP,True,False,none,ok,0,Optimization terminated successfully,7.924482152051842e-14,0.9999999999999384,0.007578417738780761,0.0331632885920666
2022-08-31,2022-09-01,crypto_equal_weight,crypto,equal_weight,10,973,0.35,direct,True,False,none,ok,0,direct capped equal weight,,0.9999999999999716,0.09999999999999715,0.09999999999999715
2022-08-31,2022-09-01,crypto_max_sharpe,crypto,max_sharpe,10,973,0.35,SLSQP,True,False,none,ok,0,Optimization terminated successfully,-0.07029841600638771,0.9999999999999962,0,0.3404982953321743
2022-08-31,2022-09-01,crypto_min_variance,crypto,minimum_variance,10,973,0.35,SLSQP,True,False,none,ok,0,Optimization terminated successfully,0.001725506489090186,1,2.775557561562891e-17,0.35
2022-08-31,2022-09-01,crypto_risk_parity,crypto,risk_parity,10,973,0.35,SLSQP,True,False,none,ok,0,Optimization terminated successfully,8788.612437631597,0.9999999999999716,0.09999999999999715,0.09999999999999715
2022-08-31,2022-09-01,equity_equal_weight,equity,equal_weight,50,671,0.1,direct,True,False,none,ok,0,direct capped equal weight,,0.9999999999999433,0.01999999999999886,0.01999999999999886
2022-08-31,2022-09-01,equity_max_sharpe,equity,max_sharpe,50,671,0.1,SLSQP,True,False,none,ok,0,Optimization terminated successfully,-0.06011839160776414,1.000000000000001,2.081668171172169e-17,0.09999999999999998
2022-08-31,2022-09-01,equity_min_variance,equity,minimum_variance,50,671,0.1,SLSQP,True,False,none,ok,0,Optimization terminated successfully,0.0001176589223926626,0.9999999999999999,0,0.1
2022-08-31,2022-09-01,equity_risk_parity,equity,risk_parity,50,671,0.1,SLSQP,True,False,none,ok,0,Optimization terminated successfully,1.261844998668422e-12,1.000000000000037,0.01031242753703314,0.03651870361541924
2022-09-30,2022-10-03,combined_equal_weight,combined,equal_weight,60,692,0.08333333333333333,direct,True,False,none,ok,0,direct capped equal weight,,0.9999999999999432,0.01666666666666572,0.01666666666666572
2022-09-30,2022-10-03,combined_max_sharpe,combined,max_sharpe,60,692,0.08333333333333333,SLSQP,True,False,none,ok,0,Optimization terminated successfully,-0.06625233387922465,1.000000000000002,2.081668171172169e-17,0.08333333333333331
2022-09-30,2022-10-03,combined_min_variance,combined,minimum_variance,60,692,0.08333333333333333,SLSQP,True,False,none,ok,0,Optimization terminated successfully,0.0001210175263002751,1,0,0.08333333333333333
2022-09-30,2022-10-03,combined_risk_parity,combined,risk_parity,60,692,0.08333333333333333,SLSQP,True,False,none,ok,0,Optimization terminated successfully,2.014562203656714e-12,1.000000000000067,0.007622184748088734,0.03240966723742249
2022-09-30,2022-10-01,crypto_equal_weight,crypto,equal_weight,10,1003,0.35,direct,True,False,none,ok,0,direct capped equal weight,,0.9999999999999716,0.09999999999999715,0.09999999999999715
2022-09-30,2022-10-01,crypto_max_sharpe,crypto,max_sharpe,10,1003,0.35,SLSQP,True,False,none,ok,0,Optimization terminated successfully,-0.068369142344183,1.000000000000014,1.32578588150799e-15,0.2981992896289371
2022-09-30,2022-10-01,crypto_min_variance,crypto,minimum_variance,10,1003,0.35,SLSQP,True,False,none,ok,0,Optimization terminated successfully,0.001696332783274329,1,0,0.35
2022-09-30,2022-10-01,crypto_risk_parity,crypto,risk_parity,10,1003,0.35,SLSQP,True,False,none,ok,0,Optimization terminated successfully,8720.592187339676,0.9999999999999716,0.09999999999999715,0.09999999999999715
2022-09-30,2022-10-03,equity_equal_weight,equity,equal_weight,50,692,0.1,direct,True,False,none,ok,0,direct capped equal weight,,0.9999999999999433,0.01999999999999886,0.01999999999999886
2022-09-30,2022-10-03,equity_max_sharpe,equity,max_sharpe,50,692,0.1,SLSQP,True,False,none,ok,0,Optimization terminated successfully,-0.04699365588067345,1.000000000000002,2.775557561562891e-17,0.09999999999999998
2022-09-30,2022-10-03,equity_min_variance,equity,minimum_variance,50,692,0.1,SLSQP,True,False,none,ok,0,Optimization terminated successfully,0.0001184925067985945,1,0,0.1
2022-09-30,2022-10-03,equity_risk_parity,equity,risk_parity,50,692,0.1,SLSQP,True,False,none,ok,0,Optimization terminated successfully,3.952083978642681e-12,1.000000000000003,0.01047799722924105,0.0360401692154154
2022-10-31,2022-11-01,combined_equal_weight,combined,equal_weight,60,713,0.08333333333333333,direct,True,False,none,ok,0,direct capped equal weight,,0.9999999999999432,0.01666666666666572,0.01666666666666572
2022-10-31,2022-11-01,combined_max_sharpe,combined,max_sharpe,60,713,0.08333333333333333,SLSQP,True,False,none,ok,0,Optimization terminated successfully,-0.07508714015212196,1.000000000000001,0,0.08333333333333333
2022-10-31,2022-11-01,combined_min_variance,combined,minimum_variance,60,713,0.08333333333333333,SLSQP,True,False,none,ok,0,Optimization terminated successfully,0.000122359793446292,1,0,0.08333333333333333
2022-10-31,2022-11-01,combined_risk_parity,combined,risk_parity,60,713,0.08333333333333333,SLSQP,True,False,none,ok,0,Optimization terminated successfully,2.480676433892834e-11,1.000000000000065,0.007729651116811372,0.03198818808453672
2022-10-31,2022-11-01,crypto_equal_weight,crypto,equal_weight,10,1034,0.35,direct,True,False,none,ok,0,direct capped equal weight,,0.9999999999999716,0.09999999999999715,0.09999999999999715
2022-10-31,2022-11-01,crypto_max_sharpe,crypto,max_sharpe,10,1034,0.35,SLSQP,True,False,none,ok,0,Optimization terminated successfully,-0.06784516272263685,1,0,0.35
2022-10-31,2022-11-01,crypto_min_variance,crypto,minimum_variance,10,1034,0.35,SLSQP,True,False,none,ok,0,Optimization terminated successfully,0.001653090202077271,0.9999999999999999,0,0.35
2022-10-31,2022-11-01,crypto_risk_parity,crypto,risk_parity,10,1034,0.35,SLSQP,True,False,none,ok,0,Optimization terminated successfully,8312.139250525694,0.9999999999999716,0.09999999999999715,0.09999999999999715
2022-10-31,2022-11-01,equity_equal_weight,equity,equal_weight,50,713,0.1,direct,True,False,none,ok,0,direct capped equal weight,,0.9999999999999433,0.01999999999999886,0.01999999999999886
2022-10-31,2022-11-01,equity_max_sharpe,equity,max_sharpe,50,713,0.1,SLSQP,True,False,none,ok,0,Optimization terminated successfully,-0.05787704282963705,1.000000000000001,0,0.1
2022-10-31,2022-11-01,equity_min_variance,equity,minimum_variance,50,713,0.1,SLSQP,True,False,none,ok,0,Optimization terminated successfully,0.0001198273260297904,1,0,0.1
2022-10-31,2022-11-01,equity_risk_parity,equity,risk_parity,50,713,0.1,SLSQP,True,False,none,ok,0,Optimization terminated successfully,1.748941931333756e-12,0.9999999999999571,0.01069111799812187,0.03591719837643654
2022-11-30,2022-12-01,combined_equal_weight,combined,equal_weight,60,734,0.08333333333333333,direct,True,False,none,ok,0,direct capped equal weight,,0.9999999999999432,0.01666666666666572,0.01666666666666572
2022-11-30,2022-12-01,combined_max_sharpe,combined,max_sharpe,60,734,0.08333333333333333,SLSQP,True,False,none,ok,0,Optimization terminated successfully,-0.08035666615844955,1.000000000000001,0,0.08333333333333333
2022-11-30,2022-12-01,combined_min_variance,combined,minimum_variance,60,734,0.08333333333333333,SLSQP,True,False,none,ok,0,Optimization terminated successfully,0.0001222725063339501,1,0,0.08333333333333333
2022-11-30,2022-12-01,combined_risk_parity,combined,risk_parity,60,734,0.08333333333333333,SLSQP,True,False,none,ok,0,Optimization terminated successfully,1.06204523425858e-11,0.9999999999999066,0.007611998437979522,0.03210652131715709
2022-11-30,2022-12-01,crypto_equal_weight,crypto,equal_weight,10,1064,0.35,direct,True,False,none,ok,0,direct capped equal weight,,0.9999999999999716,0.09999999999999715,0.09999999999999715
2022-11-30,2022-12-01,crypto_max_sharpe,crypto,max_sharpe,10,1064,0.35,SLSQP,True,False,none,ok,0,Optimization terminated successfully,-0.06338681659570068,0.9999999999999999,0,0.35
2022-11-30,2022-12-01,crypto_min_variance,crypto,minimum_variance,10,1064,0.35,SLSQP,True,False,none,ok,0,Optimization terminated successfully,0.001659065770071532,1,2.775557561562891e-17,0.35
2022-11-30,2022-12-01,crypto_risk_parity,crypto,risk_parity,10,1064,0.35,SLSQP,True,False,none,ok,0,Optimization terminated successfully,2.827845293158472e-14,0.9999999999999161,0.085737575815761,0.1437232933106542
2022-11-30,2022-12-01,equity_equal_weight,equity,equal_weight,50,734,0.1,direct,True,False,none,ok,0,direct capped equal weight,,0.9999999999999433,0.01999999999999886,0.01999999999999886
2022-11-30,2022-12-01,equity_max_sharpe,equity,max_sharpe,50,734,0.1,SLSQP,True,False,none,ok,0,Optimization terminated successfully,-0.06477958766254523,1.000000000000001,0,0.1
2022-11-30,2022-12-01,equity_min_variance,equity,minimum_variance,50,734,0.1,SLSQP,True,False,none,ok,0,Optimization terminated successfully,0.0001198097480815058,1,0,0.1
2022-11-30,2022-12-01,equity_risk_parity,equity,risk_parity,50,734,0.1,SLSQP,True,False,none,ok,0,Optimization terminated successfully,3.315733505865323e-11,1.000000000000063,0.01074247515530214,0.0359914614340998
2022-12-30,2023-01-03,combined_equal_weight,combined,equal_weight,60,755,0.08333333333333333,direct,True,False,none,ok,0,direct capped equal weight,,0.9999999999999432,0.01666666666666572,0.01666666666666572
2022-12-30,2023-01-03,combined_max_sharpe,combined,max_sharpe,60,755,0.08333333333333333,SLSQP,True,False,none,ok,0,Optimization terminated successfully,-0.07362059284062424,1.000000000000002,1.387778780781446e-17,0.08333333333333331
2022-12-30,2023-01-03,combined_min_variance,combined,minimum_variance,60,755,0.08333333333333333,SLSQP,True,False,none,ok,0,Optimization terminated successfully,0.0001206125772535388,1,0,0.08333333333333333
2022-12-30,2023-01-03,combined_risk_parity,combined,risk_parity,60,755,0.08333333333333333,SLSQP,True,False,none,ok,0,Optimization terminated successfully,2.016851280421297e-12,1.000000000000036,0.007589645721869227,0.03189996509948634
2022-12-30,2023-01-03,equity_equal_weight,equity,equal_weight,50,755,0.1,direct,True,False,none,ok,0,direct capped equal weight,,0.9999999999999433,0.01999999999999886,0.01999999999999886
2022-12-30,2023-01-03,equity_max_sharpe,equity,max_sharpe,50,755,0.1,SLSQP,True,False,none,ok,0,Optimization terminated successfully,-0.05887425412578171,1.000000000000001,0,0.1
2022-12-30,2023-01-03,equity_min_variance,equity,minimum_variance,50,755,0.1,SLSQP,True,False,none,ok,0,Optimization terminated successfully,0.0001182125854147906,0.9999999999999999,0,0.1
2022-12-30,2023-01-03,equity_risk_parity,equity,risk_parity,50,755,0.1,SLSQP,True,False,none,ok,0,Optimization terminated successfully,2.887270200445029e-13,1.000000000000008,0.01077632985928439,0.03577874561285752
2022-12-31,2023-01-01,crypto_equal_weight,crypto,equal_weight,10,1095,0.35,direct,True,False,none,ok,0,direct capped equal weight,,0.9999999999999716,0.09999999999999715,0.09999999999999715
2022-12-31,2023-01-01,crypto_max_sharpe,crypto,max_sharpe,10,1095,0.35,SLSQP,True,False,none,ok,0,Optimization terminated successfully,-0.05989703986603558,1,0,0.35
2022-12-31,2023-01-01,crypto_min_variance,crypto,minimum_variance,10,1095,0.35,SLSQP,True,False,none,ok,0,Optimization terminated successfully,0.001619804831462693,1,0,0.35
2022-12-31,2023-01-01,crypto_risk_parity,crypto,risk_parity,10,1095,0.35,SLSQP,False,True,previous_feasible_target,fallback,8,Positive directional derivative for linesearch; invalid output: weight sum 1.020779983854763 is not one,0.4708727933329161,0.9999999999999161,0.085737575815761,0.1437232933106542
2023-01-31,2023-02-01,combined_equal_weight,combined,equal_weight,60,775,0.08333333333333333,direct,True,False,none,ok,0,direct capped equal weight,,0.9999999999999432,0.01666666666666572,0.01666666666666572
2023-01-31,2023-02-01,combined_max_sharpe,combined,max_sharpe,60,775,0.08333333333333333,SLSQP,True,False,none,ok,0,Optimization terminated successfully,-0.08007307084114997,1.000000000000001,0,0.08333333333333333
2023-01-31,2023-02-01,combined_min_variance,combined,minimum_variance,60,775,0.08333333333333333,SLSQP,True,False,none,ok,0,Optimization terminated successfully,0.0001193399069500187,0.9999999999999999,0,0.08333333333333333
2023-01-31,2023-02-01,combined_risk_parity,combined,risk_parity,60,775,0.08333333333333333,SLSQP,True,False,none,ok,0,Optimization terminated successfully,6.17004522393147e-13,1.000000000000071,0.007479183118988906,0.03179636306028201
2023-01-31,2023-02-01,crypto_equal_weight,crypto,equal_weight,10,1126,0.35,direct,True,False,none,ok,0,direct capped equal weight,,0.9999999999999716,0.09999999999999715,0.09999999999999715
2023-01-31,2023-02-01,crypto_max_sharpe,crypto,max_sharpe,10,1126,0.35,SLSQP,True,False,none,ok,0,Optimization terminated successfully,-0.06528199315493464,0.9999999999999574,0,0.3194452631807845
2023-01-31,2023-02-01,crypto_min_variance,crypto,minimum_variance,10,1126,0.35,SLSQP,True,False,none,ok,0,Optimization terminated successfully,0.001588592795465718,1,0,0.35
2023-01-31,2023-02-01,crypto_risk_parity,crypto,risk_parity,10,1126,0.35,SLSQP,False,True,previous_feasible_target,fallback,8,Positive directional derivative for linesearch; invalid output: weight sum 1.011785104864492 is not one,2.296627344743921,0.9999999999999161,0.085737575815761,0.1437232933106542
2023-01-31,2023-02-01,equity_equal_weight,equity,equal_weight,50,775,0.1,direct,True,False,none,ok,0,direct capped equal weight,,0.9999999999999433,0.01999999999999886,0.01999999999999886
2023-01-31,2023-02-01,equity_max_sharpe,equity,max_sharpe,50,775,0.1,SLSQP,True,False,none,ok,0,Optimization terminated successfully,-0.06480203787880336,1,0,0.1
2023-01-31,2023-02-01,equity_min_variance,equity,minimum_variance,50,775,0.1,SLSQP,True,False,none,ok,0,Optimization terminated successfully,0.0001169952999012497,1,0,0.1
2023-01-31,2023-02-01,equity_risk_parity,equity,risk_parity,50,775,0.1,SLSQP,True,False,none,ok,0,Optimization terminated successfully,2.457703988392346e-11,0.9999999999999323,0.01084682152860602,0.03555238070176165
2023-02-28,2023-03-01,combined_equal_weight,combined,equal_weight,60,794,0.08333333333333333,direct,True,False,none,ok,0,direct capped equal weight,,0.9999999999999432,0.01666666666666572,0.01666666666666572
2023-02-28,2023-03-01,combined_max_sharpe,combined,max_sharpe,60,794,0.08333333333333333,SLSQP,True,False,none,ok,0,Optimization terminated successfully,-0.07542437545986486,1.000000000000001,0,0.08333333333333333
2023-02-28,2023-03-01,combined_min_variance,combined,minimum_variance,60,794,0.08333333333333333,SLSQP,True,False,none,ok,0,Optimization terminated successfully,0.0001178001177792477,0.9999999999999998,0,0.08333333333333333
2023-02-28,2023-03-01,combined_risk_parity,combined,risk_parity,60,794,0.08333333333333333,SLSQP,True,False,none,ok,0,Optimization terminated successfully,4.005775803052638e-12,1.000000000000053,0.007469678170177256,0.03189323375444566
2023-02-28,2023-03-01,crypto_equal_weight,crypto,equal_weight,10,1154,0.35,direct,True,False,none,ok,0,direct capped equal weight,,0.9999999999999716,0.09999999999999715,0.09999999999999715
2023-02-28,2023-03-01,crypto_max_sharpe,crypto,max_sharpe,10,1154,0.35,SLSQP,True,False,none,ok,0,Optimization terminated successfully,-0.06433277673569957,0.999999999999956,0,0.3297653846914618
2023-02-28,2023-03-01,crypto_min_variance,crypto,minimum_variance,10,1154,0.35,SLSQP,True,False,none,ok,0,Optimization terminated successfully,0.001564244128112167,1,0,0.35
2023-02-28,2023-03-01,crypto_risk_parity,crypto,risk_parity,10,1154,0.35,SLSQP,True,False,none,ok,0,Optimization terminated successfully,7278.775283558007,0.9999999999999716,0.09999999999999715,0.09999999999999715
2023-02-28,2023-03-01,equity_equal_weight,equity,equal_weight,50,794,0.1,direct,True,False,none,ok,0,direct capped equal weight,,0.9999999999999433,0.01999999999999886,0.01999999999999886
2023-02-28,2023-03-01,equity_max_sharpe,equity,max_sharpe,50,794,0.1,SLSQP,True,False,none,ok,0,Optimization terminated successfully,-0.06083898856627347,1.000000000000001,0,0.1
2023-02-28,2023-03-01,equity_min_variance,equity,minimum_variance,50,794,0.1,SLSQP,True,False,none,ok,0,Optimization terminated successfully,0.0001155211500745588,1,0,0.1
2023-02-28,2023-03-01,equity_risk_parity,equity,risk_parity,50,794,0.1,SLSQP,True,False,none,ok,0,Optimization terminated successfully,1.019850530590738e-12,0.9999999999999332,0.01086640130746481,0.0355798572190494
2023-03-31,2023-04-03,combined_equal_weight,combined,equal_weight,60,817,0.08333333333333333,direct,True,False,none,ok,0,direct capped equal weight,,0.9999999999999432,0.01666666666666572,0.01666666666666572
2023-03-31,2023-04-03,combined_max_sharpe,combined,max_sharpe,60,817,0.08333333333333333,SLSQP,True,False,none,ok,0,Optimization terminated successfully,-0.07731745838871371,1.000000000000001,0,0.08333333333333333
2023-03-31,2023-04-03,combined_min_variance,combined,minimum_variance,60,817,0.08333333333333333,SLSQP,True,False,none,ok,0,Optimization terminated successfully,0.0001162134970387931,0.9999999999999998,0,0.08333333333333333
2023-03-31,2023-04-03,combined_risk_parity,combined,risk_parity,60,817,0.08333333333333333,SLSQP,True,False,none,ok,0,Optimization terminated successfully,5.727690809466828e-14,0.9999999999999319,0.007492236139499945,0.03191656608263296
2023-03-31,2023-04-01,crypto_equal_weight,crypto,equal_weight,10,1185,0.35,direct,True,False,none,ok,0,direct capped equal weight,,0.9999999999999716,0.09999999999999715,0.09999999999999715
2023-03-31,2023-04-01,crypto_max_sharpe,crypto,max_sharpe,10,1185,0.35,SLSQP,True,False,none,ok,0,Optimization terminated successfully,-0.06570969200123565,0.9999999999999245,0,0.3443322378649639
2023-03-31,2023-04-01,crypto_min_variance,crypto,minimum_variance,10,1185,0.35,SLSQP,True,False,none,ok,0,Optimization terminated successfully,0.001551123668197229,0.9999999999999999,0,0.35
2023-03-31,2023-04-01,crypto_risk_parity,crypto,risk_parity,10,1185,0.35,SLSQP,True,False,none,ok,0,Optimization terminated successfully,1.389754313884485e-13,0.9999999999999998,0.08540562898027131,0.1426246975403878
2023-03-31,2023-04-03,equity_equal_weight,equity,equal_weight,50,817,0.1,direct,True,False,none,ok,0,direct capped equal weight,,0.9999999999999433,0.01999999999999886,0.01999999999999886
2023-03-31,2023-04-03,equity_max_sharpe,equity,max_sharpe,50,817,0.1,SLSQP,True,False,none,ok,0,Optimization terminated successfully,-0.06304126771988459,1.000000000000001,0,0.1
2023-03-31,2023-04-03,equity_min_variance,equity,minimum_variance,50,817,0.1,SLSQP,True,False,none,ok,0,Optimization terminated successfully,0.0001139362164060127,1,0,0.1
2023-03-31,2023-04-03,equity_risk_parity,equity,risk_parity,50,817,0.1,SLSQP,True,False,none,ok,0,Optimization terminated successfully,8.574801067524312e-12,1.000000000000065,0.01091674971943946,0.03576446705652165
2023-04-28,2023-05-01,combined_equal_weight,combined,equal_weight,60,836,0.08333333333333333,direct,True,False,none,ok,0,direct capped equal weight,,0.9999999999999432,0.01666666666666572,0.01666666666666572
2023-04-28,2023-05-01,combined_max_sharpe,combined,max_sharpe,60,836,0.08333333333333333,SLSQP,True,False,none,ok,0,Optimization terminated successfully,-0.07621587247905194,1.000000000000001,0,0.08333333333333333
2023-04-28,2023-05-01,combined_min_variance,combined,minimum_variance,60,836,0.08333333333333333,SLSQP,True,False,none,ok,0,Optimization terminated successfully,0.0001144918145369168,1,0,0.08333333333333333
2023-04-28,2023-05-01,combined_risk_parity,combined,risk_parity,60,836,0.08333333333333333,SLSQP,True,False,none,ok,0,Optimization terminated successfully,8.543394794911626e-12,0.9999999999999372,0.007500472829475683,0.03196399510547729
2023-04-28,2023-05-01,equity_equal_weight,equity,equal_weight,50,836,0.1,direct,True,False,none,ok,0,direct capped equal weight,,0.9999999999999433,0.01999999999999886,0.01999999999999886
2023-04-28,2023-05-01,equity_max_sharpe,equity,max_sharpe,50,836,0.1,SLSQP,True,False,none,ok,0,Optimization terminated successfully,-0.06247569811588136,1.000000000000001,0,0.1
2023-04-28,2023-05-01,equity_min_variance,equity,minimum_variance,50,836,0.1,SLSQP,True,False,none,ok,0,Optimization terminated successfully,0.0001122025759075769,0.9999999999999999,0,0.1
2023-04-28,2023-05-01,equity_risk_parity,equity,risk_parity,50,836,0.1,SLSQP,True,False,none,ok,0,Optimization terminated successfully,2.27474670319911e-12,1.000000000000045,0.0109379815292769,0.035798847799345
2023-04-30,2023-05-01,crypto_equal_weight,crypto,equal_weight,10,1215,0.35,direct,True,False,none,ok,0,direct capped equal weight,,0.9999999999999716,0.09999999999999715,0.09999999999999715
2023-04-30,2023-05-01,crypto_max_sharpe,crypto,max_sharpe,10,1215,0.35,SLSQP,True,False,none,ok,0,Optimization terminated successfully,-0.06459580688786723,1.000000000000044,4.409142398521959e-15,0.3448891335876318
2023-04-30,2023-05-01,crypto_min_variance,crypto,minimum_variance,10,1215,0.35,SLSQP,True,False,none,ok,0,Optimization terminated successfully,0.00151944452447829,1,3.895248873374569e-17,0.35
2023-04-30,2023-05-01,crypto_risk_parity,crypto,risk_parity,10,1215,0.35,SLSQP,True,False,none,ok,0,Optimization terminated successfully,6678.925656397573,0.9999999999999716,0.09999999999999715,0.09999999999999715
2023-05-31,2023-06-01,combined_equal_weight,combined,equal_weight,60,858,0.08333333333333333,direct,True,False,none,ok,0,direct capped equal weight,,0.9999999999999432,0.01666666666666572,0.01666666666666572
2023-05-31,2023-06-01,combined_max_sharpe,combined,max_sharpe,60,858,0.08333333333333333,SLSQP,True,False,none,ok,0,Optimization terminated successfully,-0.07195470546453757,1,0,0.08333333333333333
2023-05-31,2023-06-01,combined_min_variance,combined,minimum_variance,60,858,0.08333333333333333,SLSQP,True,False,none,ok,0,Optimization terminated successfully,0.0001125029546064586,1,0,0.08333333333333333
2023-05-31,2023-06-01,combined_risk_parity,combined,risk_parity,60,858,0.08333333333333333,SLSQP,True,False,none,ok,0,Optimization terminated successfully,1.895051764925314e-12,1.000000000000022,0.007516997071904599,0.03202804345224074
2023-05-31,2023-06-01,crypto_equal_weight,crypto,equal_weight,10,1246,0.35,direct,True,False,none,ok,0,direct capped equal weight,,0.9999999999999716,0.09999999999999715,0.09999999999999715
2023-05-31,2023-06-01,crypto_max_sharpe,crypto,max_sharpe,10,1246,0.35,SLSQP,True,False,none,ok,0,Optimization terminated successfully,-0.06342720459563767,0.9999999999999292,0,0.3291826292282308
2023-05-31,2023-06-01,crypto_min_variance,crypto,minimum_variance,10,1246,0.35,SLSQP,True,False,none,ok,0,Optimization terminated successfully,0.001486575460548635,0.9999999999999998,5.106164720634641e-18,0.35
2023-05-31,2023-06-01,crypto_risk_parity,crypto,risk_parity,10,1246,0.35,SLSQP,True,False,none,ok,0,Optimization terminated successfully,1.170551677473979e-11,0.9999999999999317,0.08547450359151797,0.1422681103904362
2023-05-31,2023-06-01,equity_equal_weight,equity,equal_weight,50,858,0.1,direct,True,False,none,ok,0,direct capped equal weight,,0.9999999999999433,0.01999999999999886,0.01999999999999886
2023-05-31,2023-06-01,equity_max_sharpe,equity,max_sharpe,50,858,0.1,SLSQP,True,False,none,ok,0,Optimization terminated successfully,-0.05799970540711882,1,0,0.1
2023-05-31,2023-06-01,equity_min_variance,equity,minimum_variance,50,858,0.1,SLSQP,True,False,none,ok,0,Optimization terminated successfully,0.0001101633178589164,1,0,0.1
2023-05-31,2023-06-01,equity_risk_parity,equity,risk_parity,50,858,0.1,SLSQP,True,False,none,ok,0,Optimization terminated successfully,4.141174715165312e-11,1.00000000000007,0.01097934567731085,0.03585810340839513
2023-06-30,2023-07-03,combined_equal_weight,combined,equal_weight,60,879,0.08333333333333333,direct,True,False,none,ok,0,direct capped equal weight,,0.9999999999999432,0.01666666666666572,0.01666666666666572
2023-06-30,2023-07-03,combined_max_sharpe,combined,max_sharpe,60,879,0.08333333333333333,SLSQP,True,False,none,ok,0,Optimization terminated successfully,-0.07721914497876847,1.000000000000001,0,0.08333333333333333
2023-06-30,2023-07-03,combined_min_variance,combined,minimum_variance,60,879,0.08333333333333333,SLSQP,True,False,none,ok,0,Optimization terminated successfully,0.0001106209177664189,1,0,0.08333333333333333
2023-06-30,2023-07-03,combined_risk_parity,combined,risk_parity,60,879,0.08333333333333333,SLSQP,True,False,none,ok,0,Optimization terminated successfully,3.668057905158756e-11,0.9999999999999821,0.00749217704279972,0.03207701005165838
2023-06-30,2023-07-01,crypto_equal_weight,crypto,equal_weight,10,1276,0.35,direct,True,False,none,ok,0,direct capped equal weight,,0.9999999999999716,0.09999999999999715,0.09999999999999715
2023-06-30,2023-07-01,crypto_max_sharpe,crypto,max_sharpe,10,1276,0.35,SLSQP,True,False,none,ok,0,Optimization terminated successfully,-0.06414237945664734,1,0,0.35
2023-06-30,2023-07-01,crypto_min_variance,crypto,minimum_variance,10,1276,0.35,SLSQP,True,False,none,ok,0,Optimization terminated successfully,0.001463729818303793,1,0,0.35
2023-06-30,2023-07-01,crypto_risk_parity,crypto,risk_parity,10,1276,0.35,SLSQP,False,True,previous_feasible_target,fallback,8,Positive directional derivative for linesearch; invalid output: weight sum 1.01962345742591 is not one,15.31961260671827,0.9999999999999317,0.08547450359151797,0.1422681103904362
2023-06-30,2023-07-03,equity_equal_weight,equity,equal_weight,50,879,0.1,direct,True,False,none,ok,0,direct capped equal weight,,0.9999999999999433,0.01999999999999886,0.01999999999999886
2023-06-30,2023-07-03,equity_max_sharpe,equity,max_sharpe,50,879,0.1,SLSQP,True,False,none,ok,0,Optimization terminated successfully,-0.06241940130436126,1,0,0.1
2023-06-30,2023-07-03,equity_min_variance,equity,minimum_variance,50,879,0.1,SLSQP,True,False,none,ok,0,Optimization terminated successfully,0.0001083457789644999,1,0,0.1
2023-06-30,2023-07-03,equity_risk_parity,equity,risk_parity,50,879,0.1,SLSQP,True,False,none,ok,0,Optimization terminated successfully,1.919520706292609e-11,1.000000000000015,0.01100767438858729,0.03589026556893947
2023-07-31,2023-08-01,combined_equal_weight,combined,equal_weight,60,899,0.08333333333333333,direct,True,False,none,ok,0,direct capped equal weight,,0.9999999999999432,0.01666666666666572,0.01666666666666572
2023-07-31,2023-08-01,combined_max_sharpe,combined,max_sharpe,60,899,0.08333333333333333,SLSQP,True,False,none,ok,0,Optimization terminated successfully,-0.08002019203811901,1.000000000000001,0,0.08333333333333333
2023-07-31,2023-08-01,combined_min_variance,combined,minimum_variance,60,899,0.08333333333333333,SLSQP,True,False,none,ok,0,Optimization terminated successfully,0.0001089042516558635,1,0,0.08333333333333333
2023-07-31,2023-08-01,combined_risk_parity,combined,risk_parity,60,899,0.08333333333333333,SLSQP,True,False,none,ok,0,Optimization terminated successfully,8.245484178378347e-12,1.000000000000005,0.007504330632462691,0.03219548398688232
2023-07-31,2023-08-01,crypto_equal_weight,crypto,equal_weight,10,1307,0.35,direct,True,False,none,ok,0,direct capped equal weight,,0.9999999999999716,0.09999999999999715,0.09999999999999715
2023-07-31,2023-08-01,crypto_max_sharpe,crypto,max_sharpe,10,1307,0.35,SLSQP,True,False,none,ok,0,Optimization terminated successfully,-0.06390852328695676,1,0,0.35
2023-07-31,2023-08-01,crypto_min_variance,crypto,minimum_variance,10,1307,0.35,SLSQP,True,False,none,ok,0,Optimization terminated successfully,0.001441465492621957,0.9999999999999999,0,0.35
2023-07-31,2023-08-01,crypto_risk_parity,crypto,risk_parity,10,1307,0.35,SLSQP,True,False,none,ok,0,Optimization terminated successfully,5.660243766861993e-12,0.9999999999999882,0.08590956335307888,0.1439322219853514
2023-07-31,2023-08-01,equity_equal_weight,equity,equal_weight,50,899,0.1,direct,True,False,none,ok,0,direct capped equal weight,,0.9999999999999433,0.01999999999999886,0.01999999999999886
2023-07-31,2023-08-01,equity_max_sharpe,equity,max_sharpe,50,899,0.1,SLSQP,True,False,none,ok,0,Optimization terminated successfully,-0.06474304982857763,1.000000000000001,0,0.1
2023-07-31,2023-08-01,equity_min_variance,equity,minimum_variance,50,899,0.1,SLSQP,True,False,none,ok,0,Optimization terminated successfully,0.000106662853337227,1,0,0.1
2023-07-31,2023-08-01,equity_risk_parity,equity,risk_parity,50,899,0.1,SLSQP,True,False,none,ok,0,Optimization terminated successfully,1.806286942473344e-12,0.9999999999999742,0.01100616452368732,0.03593206617451079
2023-08-31,2023-09-01,combined_equal_weight,combined,equal_weight,60,922,0.08333333333333333,direct,True,False,none,ok,0,direct capped equal weight,,0.9999999999999432,0.01666666666666572,0.01666666666666572
2023-08-31,2023-09-01,combined_max_sharpe,combined,max_sharpe,60,922,0.08333333333333333,SLSQP,True,False,none,ok,0,Optimization terminated successfully,-0.07523895902030153,1.000000000000001,0,0.08333333333333333
2023-08-31,2023-09-01,combined_min_variance,combined,minimum_variance,60,922,0.08333333333333333,SLSQP,True,False,none,ok,0,Optimization terminated successfully,0.0001071488556711446,1,0,0.08333333333333333
2023-08-31,2023-09-01,combined_risk_parity,combined,risk_parity,60,922,0.08333333333333333,SLSQP,True,False,none,ok,0,Optimization terminated successfully,3.428508550431906e-13,1.000000000000043,0.007495187535222125,0.03217433620468862
2023-08-31,2023-09-01,crypto_equal_weight,crypto,equal_weight,10,1338,0.35,direct,True,False,none,ok,0,direct capped equal weight,,0.9999999999999716,0.09999999999999715,0.09999999999999715
2023-08-31,2023-09-01,crypto_max_sharpe,crypto,max_sharpe,10,1338,0.35,SLSQP,True,False,none,ok,0,Optimization terminated successfully,-0.06014986693012836,0.9999999999999953,0,0.3250468251761445
2023-08-31,2023-09-01,crypto_min_variance,crypto,minimum_variance,10,1338,0.35,SLSQP,True,False,none,ok,0,Optimization terminated successfully,0.001415533646027576,0.9999999999999999,0,0.35
2023-08-31,2023-09-01,crypto_risk_parity,crypto,risk_parity,10,1338,0.35,SLSQP,False,True,previous_feasible_target,fallback,8,Positive directional derivative for linesearch; invalid output: weight sum 1.019466419590438 is not one,1.488968814588208,0.9999999999999882,0.08590956335307888,0.1439322219853514
2023-08-31,2023-09-01,equity_equal_weight,equity,equal_weight,50,922,0.1,direct,True,False,none,ok,0,direct capped equal weight,,0.9999999999999433,0.01999999999999886,0.01999999999999886
2023-08-31,2023-09-01,equity_max_sharpe,equity,max_sharpe,50,922,0.1,SLSQP,True,False,none,ok,0,Optimization terminated successfully,-0.06235766394739924,1.000000000000001,0,0.1
2023-08-31,2023-09-01,equity_min_variance,equity,minimum_variance,50,922,0.1,SLSQP,True,False,none,ok,0,Optimization terminated successfully,0.000104976413598427,1,0,0.1
2023-08-31,2023-09-01,equity_risk_parity,equity,risk_parity,50,922,0.1,SLSQP,True,False,none,ok,0,Optimization terminated successfully,8.442664820942467e-12,1.000000000000078,0.01103863523363199,0.03591492884757433
2023-09-29,2023-10-02,combined_equal_weight,combined,equal_weight,60,942,0.08333333333333333,direct,True,False,none,ok,0,direct capped equal weight,,0.9999999999999432,0.01666666666666572,0.01666666666666572
2023-09-29,2023-10-02,combined_max_sharpe,combined,max_sharpe,60,942,0.08333333333333333,SLSQP,True,False,none,ok,0,Optimization terminated successfully,-0.07252629818336152,1,0,0.08333333333333333
2023-09-29,2023-10-02,combined_min_variance,combined,minimum_variance,60,942,0.08333333333333333,SLSQP,True,False,none,ok,0,Optimization terminated successfully,0.0001056270179123079,1,0,0.08333333333333333
2023-09-29,2023-10-02,combined_risk_parity,combined,risk_parity,60,942,0.08333333333333333,SLSQP,True,False,none,ok,0,Optimization terminated successfully,5.51590391773309e-12,1.000000000000005,0.007514695399510248,0.03218548339196086
2023-09-29,2023-10-02,equity_equal_weight,equity,equal_weight,50,942,0.1,direct,True,False,none,ok,0,direct capped equal weight,,0.9999999999999433,0.01999999999999886,0.01999999999999886
2023-09-29,2023-10-02,equity_max_sharpe,equity,max_sharpe,50,942,0.1,SLSQP,True,False,none,ok,0,Optimization terminated successfully,-0.05847944104863564,1,0,0.1
2023-09-29,2023-10-02,equity_min_variance,equity,minimum_variance,50,942,0.1,SLSQP,True,False,none,ok,0,Optimization terminated successfully,0.0001035182081500775,0.9999999999999999,0,0.1
2023-09-29,2023-10-02,equity_risk_parity,equity,risk_parity,50,942,0.1,SLSQP,True,False,none,ok,0,Optimization terminated successfully,3.662067161894745e-12,1.000000000000071,0.01107061545976288,0.03593830246365337
2023-09-30,2023-10-01,crypto_equal_weight,crypto,equal_weight,10,1368,0.35,direct,True,False,none,ok,0,direct capped equal weight,,0.9999999999999716,0.09999999999999715,0.09999999999999715
2023-09-30,2023-10-01,crypto_max_sharpe,crypto,max_sharpe,10,1368,0.35,SLSQP,True,False,none,ok,0,Optimization terminated successfully,-0.06035056844892814,0.9999999999999912,0,0.3320651229141386
2023-09-30,2023-10-01,crypto_min_variance,crypto,minimum_variance,10,1368,0.35,SLSQP,True,False,none,ok,0,Optimization terminated successfully,0.001386952023376687,0.9999999999999998,0,0.35
2023-09-30,2023-10-01,crypto_risk_parity,crypto,risk_parity,10,1368,0.35,SLSQP,True,False,none,ok,0,Optimization terminated successfully,3.661767211447649e-12,0.9999999999999606,0.0860272771879515,0.1437732572481348
2023-10-31,2023-11-01,combined_equal_weight,combined,equal_weight,60,964,0.08333333333333333,direct,True,False,none,ok,0,direct capped equal weight,,0.9999999999999432,0.01666666666666572,0.01666666666666572
2023-10-31,2023-11-01,combined_max_sharpe,combined,max_sharpe,60,964,0.08333333333333333,SLSQP,True,False,none,ok,0,Optimization terminated successfully,-0.07032735287946064,1.000000000000001,0,0.08333333333333333
2023-10-31,2023-11-01,combined_min_variance,combined,minimum_variance,60,964,0.08333333333333333,SLSQP,True,False,none,ok,0,Optimization terminated successfully,0.0001046300212898491,1,0,0.08333333333333333
2023-10-31,2023-11-01,combined_risk_parity,combined,risk_parity,60,964,0.08333333333333333,SLSQP,True,False,none,ok,0,Optimization terminated successfully,8.668486327229937e-12,0.9999999999999289,0.007536252715462315,0.03229743950797155
2023-10-31,2023-11-01,crypto_equal_weight,crypto,equal_weight,10,1399,0.35,direct,True,False,none,ok,0,direct capped equal weight,,0.9999999999999716,0.09999999999999715,0.09999999999999715
2023-10-31,2023-11-01,crypto_max_sharpe,crypto,max_sharpe,10,1399,0.35,SLSQP,True,False,none,ok,0,Optimization terminated successfully,-0.06213036735820842,1,2.775557561562891e-17,0.35
2023-10-31,2023-11-01,crypto_min_variance,crypto,minimum_variance,10,1399,0.35,SLSQP,True,False,none,ok,0,Optimization terminated successfully,0.001362136959618425,1,2.438695362594721e-18,0.35
2023-10-31,2023-11-01,crypto_risk_parity,crypto,risk_parity,10,1399,0.35,SLSQP,True,False,none,ok,0,Optimization terminated successfully,6045.154332597769,0.9999999999999716,0.09999999999999715,0.09999999999999715
2023-10-31,2023-11-01,equity_equal_weight,equity,equal_weight,50,964,0.1,direct,True,False,none,ok,0,direct capped equal weight,,0.9999999999999433,0.01999999999999886,0.01999999999999886
2023-10-31,2023-11-01,equity_max_sharpe,equity,max_sharpe,50,964,0.1,SLSQP,True,False,none,ok,0,Optimization terminated successfully,-0.05542868436432995,1.000000000000001,6.938893903907228e-18,0.1
2023-10-31,2023-11-01,equity_min_variance,equity,minimum_variance,50,964,0.1,SLSQP,True,False,none,ok,0,Optimization terminated successfully,0.0001024858313375843,0.9999999999999999,0,0.1
2023-10-31,2023-11-01,equity_risk_parity,equity,risk_parity,50,964,0.1,SLSQP,True,False,none,ok,0,Optimization terminated successfully,2.076808348663931e-11,0.9999999999999701,0.01111614755224307,0.03611116071548749
2023-11-30,2023-12-01,combined_equal_weight,combined,equal_weight,60,985,0.08333333333333333,direct,True,False,none,ok,0,direct capped equal weight,,0.9999999999999432,0.01666666666666572,0.01666666666666572
2023-11-30,2023-12-01,combined_max_sharpe,combined,max_sharpe,60,985,0.08333333333333333,SLSQP,True,False,none,ok,0,Optimization terminated successfully,-0.07439042636270417,1,0,0.08333333333333333
2023-11-30,2023-12-01,combined_min_variance,combined,minimum_variance,60,985,0.08333333333333333,SLSQP,True,False,none,ok,0,Optimization terminated successfully,0.0001033364026547402,1,0,0.08333333333333333
2023-11-30,2023-12-01,combined_risk_parity,combined,risk_parity,60,985,0.08333333333333333,SLSQP,True,False,none,ok,0,Optimization terminated successfully,1.108704112972651e-11,1.000000000000071,0.007599553767861293,0.03237955465404999
2023-11-30,2023-12-01,crypto_equal_weight,crypto,equal_weight,10,1429,0.35,direct,True,False,none,ok,0,direct capped equal weight,,0.9999999999999716,0.09999999999999715,0.09999999999999715
2023-11-30,2023-12-01,crypto_max_sharpe,crypto,max_sharpe,10,1429,0.35,SLSQP,True,False,none,ok,0,Optimization terminated successfully,-0.0630146968697398,1,2.775557561562891e-17,0.35
2023-11-30,2023-12-01,crypto_min_variance,crypto,minimum_variance,10,1429,0.35,SLSQP,True,False,none,ok,0,Optimization terminated successfully,0.001342345382505032,1,2.933548681285248e-17,0.35
2023-11-30,2023-12-01,crypto_risk_parity,crypto,risk_parity,10,1429,0.35,SLSQP,True,False,none,ok,0,Optimization terminated successfully,1.159686667051166e-14,1.00000000000004,0.08605696949655364,0.143225174421338
2023-11-30,2023-12-01,equity_equal_weight,equity,equal_weight,50,985,0.1,direct,True,False,none,ok,0,direct capped equal weight,,0.9999999999999433,0.01999999999999886,0.01999999999999886
2023-11-30,2023-12-01,equity_max_sharpe,equity,max_sharpe,50,985,0.1,SLSQP,True,False,none,ok,0,Optimization terminated successfully,-0.06041760450884535,1,0,0.1
2023-11-30,2023-12-01,equity_min_variance,equity,minimum_variance,50,985,0.1,SLSQP,True,False,none,ok,0,Optimization terminated successfully,0.0001011712813950224,1,0,0.1
2023-11-30,2023-12-01,equity_risk_parity,equity,risk_parity,50,985,0.1,SLSQP,True,False,none,ok,0,Optimization terminated successfully,3.155195559945872e-11,1.000000000000044,0.01117980281424869,0.03634213430230798
